group	n_total_A_mut_interact_DNA	a_exposed_outcome_A_mut_interact_DNA	b_exposed_no_outcome_A_mut_interact_DNA	c_unexp_outcome_A_mut_interact_DNA	d_unexp_no_outcome_A_mut_interact_DNA	odds_ratio_A_mut_interact_DNA	conf_low_A_mut_interact_DNA	conf_high_A_mut_interact_DNA	log_or_ln_A_mut_interact_DNA	log_or_log10_A_mut_interact_DNA	log_conf_low_ln_A_mut_interact_DNA	log_conf_high_ln_A_mut_interact_DNA	log_conf_low_log10_A_mut_interact_DNA	log_conf_high_log10_A_mut_interact_DNA	p_value_A_mut_interact_DNA	p_value_adj_BH_A_mut_interact_DNA	hypothesis	seed	model	system	nt	nt_numeric	dna_type	modifier	modifier_plot	system_short	hypothesis_short	group_short	hypothesis_short_plot	iptm	ptm	ranking_score	has_clash	fraction_disordered	num_recycles	pTM_A	pTM_DNA	pTM_MG	pTM_C	pTM_rep	ipTM_A	ipTM_DNA	ipTM_MG	ipTM_C	ipTM_rep	ipTM_A_DNA	ipTM_A_MG	ipTM_DNA_MG	ipTM_A_C	ipTM_C_MG	ipTM_A_rep	ipTM_C_DNA	ipTM_C_rep	ipTM_DNA_rep	ipTM_MG_rep	ipSAE_A_DNA	ipSAE_d0chn_A_DNA	ipSAE_d0dom_A_DNA	ipTM_af_ipSAE_15_A_DNA	ipTM_d0chn_ipSAE_15_A_DNA	pDockQ_ipSAE_15_A_DNA	pDockQ2_ipSAE_15_A_DNA	LIS_ipSAE_15_A_DNA	ipSAE_A_C	ipSAE_d0chn_A_C	ipSAE_d0dom_A_C	ipTM_af_ipSAE_15_A_C	ipTM_d0chn_ipSAE_15_A_C	pDockQ_ipSAE_15_A_C	pDockQ2_ipSAE_15_A_C	LIS_ipSAE_15_A_C	ipSAE_A_rep	ipSAE_d0chn_A_rep	ipSAE_d0dom_A_rep	ipTM_af_ipSAE_15_A_rep	ipTM_d0chn_ipSAE_15_A_rep	pDockQ_ipSAE_15_A_rep	pDockQ2_ipSAE_15_A_rep	LIS_ipSAE_15_A_rep	ipSAE_C_DNA	ipSAE_d0chn_C_DNA	ipSAE_d0dom_C_DNA	ipTM_af_ipSAE_15_C_DNA	ipTM_d0chn_ipSAE_15_C_DNA	pDockQ_ipSAE_15_C_DNA	pDockQ2_ipSAE_15_C_DNA	LIS_ipSAE_15_C_DNA	ipSAE_C_rep	ipSAE_d0chn_C_rep	ipSAE_d0dom_C_rep	ipTM_af_ipSAE_15_C_rep	ipTM_d0chn_ipSAE_15_C_rep	pDockQ_ipSAE_15_C_rep	pDockQ2_ipSAE_15_C_rep	LIS_ipSAE_15_C_rep	ipSAE_DNA_rep	ipSAE_d0chn_DNA_rep	ipSAE_d0dom_DNA_rep	ipTM_af_ipSAE_15_DNA_rep	ipTM_d0chn_ipSAE_15_DNA_rep	pDockQ_ipSAE_15_DNA_rep	pDockQ2_ipSAE_15_DNA_rep	LIS_ipSAE_15_DNA_rep
gpa_dsDNA_30nt_seed10_model_0	4832	284	593	861	3094	1.7207082078853648	1.4600779634342202	2.0254665959304345	0.5427359548506593	0.23570723032213375	0.3784898339070161	0.7058000917598358	0.1643760463222954	0.3065250851781055	9.18709041605775e-11	1.3753129365355913e-10	gpa_dsDNA_30nt	10	0	gpa	30nt	30	dsDNA	NA	DNA-only	A	A-dsDNA	A-dsDNA-s10-m0	A-dsDNA	0.68	0.85	0.73	0	0.03	10	0.87	0.215	NA	NA	NA	0.74	0.405	0.38	NA	NA	0.68	0.86	0.14	NA	NA	NA	NA	NA	NA	NA	0.505838	0.638852	0.625903	0.86	0.593426	0.2331	0.1944	0.318	NA	NA	NA	NA	NA	NA	NA	NA	NA	NA	NA	NA	NA	NA	NA	NA	NA	NA	NA	NA	NA	NA	NA	NA	NA	NA	NA	NA	NA	NA	NA	NA	NA	NA	NA	NA	NA	NA	NA	NA
gpa_dsDNA_30nt_seed10_model_1	4832	281	555	864	3132	1.8351729137986086	1.5543035399182896	2.1640498368736147	0.6071387080199965	0.263676990642954	0.44102756100414725	0.7719813906976143	0.19153583611135092	0.3352672581119722	6.448888437745248e-13	1.143419935770434e-12	gpa_dsDNA_30nt	10	1	gpa	30nt	30	dsDNA	NA	DNA-only	A	A-dsDNA	A-dsDNA-s10-m1	A-dsDNA	0.66	0.84	0.71	0	0.03	10	0.85	0.215	NA	NA	NA	0.72	0.385	0.36	NA	NA	0.66	0.84	0.13	NA	NA	NA	NA	NA	NA	NA	0.490955	0.640678	0.62041	0.84	0.570925	0.3091	0.2385	0.314	NA	NA	NA	NA	NA	NA	NA	NA	NA	NA	NA	NA	NA	NA	NA	NA	NA	NA	NA	NA	NA	NA	NA	NA	NA	NA	NA	NA	NA	NA	NA	NA	NA	NA	NA	NA	NA	NA	NA	NA
gpa_dsDNA_30nt_seed10_model_2	4832	269	517	876	3170	1.8826384315641074	1.5891880601513582	2.2272468362416165	0.632674214011701	0.27476691998775876	0.4632232318111291	0.8007662201401649	0.20117529346496424	0.34776835070139817	2.2779749801198653e-13	4.2499533211191517e-13	gpa_dsDNA_30nt	10	2	gpa	30nt	30	dsDNA	NA	DNA-only	A	A-dsDNA	A-dsDNA-s10-m2	A-dsDNA	0.64	0.84	0.69	0	0.03	10	0.86	0.20500000000000002	NA	NA	NA	0.7	0.37	0.37	NA	NA	0.63	0.84	0.13	NA	NA	NA	NA	NA	NA	NA	0.477482	0.662817	0.647321	0.84	0.528063	0.2484	0.1157	0.324	NA	NA	NA	NA	NA	NA	NA	NA	NA	NA	NA	NA	NA	NA	NA	NA	NA	NA	NA	NA	NA	NA	NA	NA	NA	NA	NA	NA	NA	NA	NA	NA	NA	NA	NA	NA	NA	NA	NA	NA
gpa_dsDNA_30nt_seed10_model_3	4832	297	562	848	3125	1.947223026009127	1.653258260838907	2.290924876516475	0.6664042683707768	0.2894156964702021	0.5027480442871477	0.8289556122381732	0.2183407014215599	0.3600108481377703	1.5355029395165806e-15	3.2809891870012406e-15	gpa_dsDNA_30nt	10	3	gpa	30nt	30	dsDNA	NA	DNA-only	A	A-dsDNA	A-dsDNA-s10-m3	A-dsDNA	0.6	0.83	0.66	0	0.03	10	0.85	0.19	NA	NA	NA	0.68	0.34	0.34	NA	NA	0.59	0.85	0.09	NA	NA	NA	NA	NA	NA	NA	0.393396	0.647535	0.630284	0.85	0.493377	0.213	0.0744	0.2761	NA	NA	NA	NA	NA	NA	NA	NA	NA	NA	NA	NA	NA	NA	NA	NA	NA	NA	NA	NA	NA	NA	NA	NA	NA	NA	NA	NA	NA	NA	NA	NA	NA	NA	NA	NA	NA	NA	NA	NA
gpa_dsDNA_30nt_seed10_model_4	4832	304	576	841	3111	1.952071834391245	1.6597913630519654	2.2935132930134765	0.6688912877191334	0.29049579524958	0.5066919095609873	0.8300848309892312	0.22005350034735832	0.36050126161021656	6.713761735118826e-16	1.5121084989006366e-15	gpa_dsDNA_30nt	10	4	gpa	30nt	30	dsDNA	NA	DNA-only	A	A-dsDNA	A-dsDNA-s10-m4	A-dsDNA	0.59	0.83	0.65	0	0.03	10	0.85	0.19	NA	NA	NA	0.67	0.335	0.34	NA	NA	0.58	0.83	0.1	NA	NA	NA	NA	NA	NA	NA	0.422029	0.652825	0.63484	0.83	0.491509	0.2485	0.0787	0.2821	NA	NA	NA	NA	NA	NA	NA	NA	NA	NA	NA	NA	NA	NA	NA	NA	NA	NA	NA	NA	NA	NA	NA	NA	NA	NA	NA	NA	NA	NA	NA	NA	NA	NA	NA	NA	NA	NA	NA	NA
gpa_dsDNA_30nt_seed1_model_0	4832	267	535	878	3152	1.7914795412983668	1.5128107316904165	2.1183005307271987	0.5830418378251366	0.25321185288618747	0.4139693322623961	0.7506141307521685	0.17978459667873242	0.3259875750242728	1.3400062777211146e-11	2.0937598089392417e-11	gpa_dsDNA_30nt	1	0	gpa	30nt	30	dsDNA	NA	DNA-only	A	A-dsDNA	A-dsDNA-s1-m0	A-dsDNA	0.74	0.87	0.79	0	0.03	10	0.88	0.24	NA	NA	NA	0.78	0.455	0.41	NA	NA	0.75	0.88	0.18	NA	NA	NA	NA	NA	NA	NA	0.558002	0.665159	0.653884	0.88	0.665159	0.2938	0.2947	0.3479	NA	NA	NA	NA	NA	NA	NA	NA	NA	NA	NA	NA	NA	NA	NA	NA	NA	NA	NA	NA	NA	NA	NA	NA	NA	NA	NA	NA	NA	NA	NA	NA	NA	NA	NA	NA	NA	NA	NA	NA
gpa_dsDNA_30nt_seed1_model_1	4832	269	565	876	3122	1.6965427335399488	1.4348841490834403	2.003308888510318	0.5285924941615379	0.22956480338983273	0.36108411360651854	0.6948002577298441	0.1568168380422379	0.3017479179570285	5.555569436226231e-10	7.982139994577918e-10	gpa_dsDNA_30nt	1	1	gpa	30nt	30	dsDNA	NA	DNA-only	A	A-dsDNA	A-dsDNA-s1-m1	A-dsDNA	0.73	0.86	0.77	0	0.03	10	0.86	0.235	NA	NA	NA	0.77	0.435	0.39	NA	NA	0.74	0.85	0.17	NA	NA	NA	NA	NA	NA	NA	0.530541	0.647285	0.63224	0.85	0.641746	0.292	0.2794	0.3321	NA	NA	NA	NA	NA	NA	NA	NA	NA	NA	NA	NA	NA	NA	NA	NA	NA	NA	NA	NA	NA	NA	NA	NA	NA	NA	NA	NA	NA	NA	NA	NA	NA	NA	NA	NA	NA	NA	NA	NA
gpa_dsDNA_30nt_seed1_model_2	4832	266	520	879	3167	1.8428624485585021	1.5550244961560882	2.180864038713326	0.6113200413709218	0.26549292064425895	0.4414912986621584	0.7797211463094997	0.19173723481727592	0.3386285912654938	1.739006961936003e-12	2.97775164715069e-12	gpa_dsDNA_30nt	1	2	gpa	30nt	30	dsDNA	NA	DNA-only	A	A-dsDNA	A-dsDNA-s1-m2	A-dsDNA	0.71	0.84	0.76	0	0.04	10	0.85	0.225	NA	NA	NA	0.75	0.415	0.38	NA	NA	0.71	0.85	0.15	NA	NA	NA	NA	NA	NA	NA	0.527829	0.632968	0.614453	0.85	0.614908	0.279	0.2453	0.3227	NA	NA	NA	NA	NA	NA	NA	NA	NA	NA	NA	NA	NA	NA	NA	NA	NA	NA	NA	NA	NA	NA	NA	NA	NA	NA	NA	NA	NA	NA	NA	NA	NA	NA	NA	NA	NA	NA	NA	NA
gpa_dsDNA_30nt_seed1_model_3	4832	302	580	843	3107	1.9188321258531509	1.6313430857278244	2.2545750439972263	0.651716733184972	0.28303698098624724	0.4894036545084841	0.8129615046400508	0.21254530657632015	0.3530646954649389	3.1263615099876467e-15	6.513253145807598e-15	gpa_dsDNA_30nt	1	3	gpa	30nt	30	dsDNA	NA	DNA-only	A	A-dsDNA	A-dsDNA-s1-m3	A-dsDNA	0.7	0.86	0.75	0	0.03	10	0.87	0.225	NA	NA	NA	0.75	0.415	0.39	NA	NA	0.71	0.87	0.16	NA	NA	NA	NA	NA	NA	NA	0.497948	0.636144	0.619358	0.87	0.614021	0.307	0.2518	0.316	NA	NA	NA	NA	NA	NA	NA	NA	NA	NA	NA	NA	NA	NA	NA	NA	NA	NA	NA	NA	NA	NA	NA	NA	NA	NA	NA	NA	NA	NA	NA	NA	NA	NA	NA	NA	NA	NA	NA	NA
gpa_dsDNA_30nt_seed1_model_4	4832	282	555	863	3132	1.843832690475314	1.5618580492020657	2.173861207523731	0.6118463891716601	0.2657215105896815	0.4458761696963685	0.7765049446756271	0.19364156011129074	0.3372318126432147	4.59078956258775e-13	8.256815760049909e-13	gpa_dsDNA_30nt	1	4	gpa	30nt	30	dsDNA	NA	DNA-only	A	A-dsDNA	A-dsDNA-s1-m4	A-dsDNA	0.62	0.84	0.68	0	0.04	10	0.86	0.20500000000000002	NA	NA	NA	0.69	0.365	0.36	NA	NA	0.62	0.85	0.13	NA	NA	NA	NA	NA	NA	NA	0.452894	0.661504	0.642779	0.85	0.509281	0.2282	0.1196	0.3013	NA	NA	NA	NA	NA	NA	NA	NA	NA	NA	NA	NA	NA	NA	NA	NA	NA	NA	NA	NA	NA	NA	NA	NA	NA	NA	NA	NA	NA	NA	NA	NA	NA	NA	NA	NA	NA	NA	NA	NA
gpa_dsDNA_30nt_seed2_model_0	4832	297	550	848	3137	1.9973248659689655	1.6951049006482735	2.3509123792056696	0.6918087182031926	0.3004487088482083	0.5277446272054794	0.8548034992784062	0.22919657944942848	0.3712364428482021	1.621088567799977e-16	3.718093045412791e-16	gpa_dsDNA_30nt	2	0	gpa	30nt	30	dsDNA	NA	DNA-only	A	A-dsDNA	A-dsDNA-s2-m0	A-dsDNA	0.77	0.86	0.81	0	0.05	10	0.86	0.245	NA	NA	NA	0.81	0.46499999999999997	0.42	NA	NA	0.78	0.9	0.19	NA	NA	NA	NA	NA	NA	NA	0.622574	0.704443	0.692715	0.9	0.704443	0.3522	0.3937	0.391	NA	NA	NA	NA	NA	NA	NA	NA	NA	NA	NA	NA	NA	NA	NA	NA	NA	NA	NA	NA	NA	NA	NA	NA	NA	NA	NA	NA	NA	NA	NA	NA	NA	NA	NA	NA	NA	NA	NA	NA
gpa_dsDNA_30nt_seed2_model_1	4832	292	599	853	3088	1.7646117134862516	1.499122075822231	2.0743477216275545	0.5679306738243273	0.24664915774550092	0.4048796539781557	0.7296467532411568	0.175836999557611	0.316881558671258	8.085564516035151e-12	1.3041233090379276e-11	gpa_dsDNA_30nt	2	1	gpa	30nt	30	dsDNA	NA	DNA-only	A	A-dsDNA	A-dsDNA-s2-m1	A-dsDNA	0.68	0.84	0.72	0	0.03	10	0.85	0.215	NA	NA	NA	0.74	0.405	0.38	NA	NA	0.68	0.87	0.15	NA	NA	NA	NA	NA	NA	NA	0.461237	0.632331	0.61268	0.87	0.578094	0.2631	0.1818	0.2962	NA	NA	NA	NA	NA	NA	NA	NA	NA	NA	NA	NA	NA	NA	NA	NA	NA	NA	NA	NA	NA	NA	NA	NA	NA	NA	NA	NA	NA	NA	NA	NA	NA	NA	NA	NA	NA	NA	NA	NA
gpa_dsDNA_30nt_seed2_model_2	4832	286	567	859	3120	1.8318934519283525	1.553328576326924	2.1576479909045343	0.6053501051328583	0.2629002102787537	0.4404000970142774	0.7690187353215153	0.19126333196295744	0.33398059323035145	5.126541623282344e-13	9.154538613004186e-13	gpa_dsDNA_30nt	2	2	gpa	30nt	30	dsDNA	NA	DNA-only	A	A-dsDNA	A-dsDNA-s2-m2	A-dsDNA	0.67	0.84	0.72	0	0.03	10	0.85	0.215	NA	NA	NA	0.73	0.4	0.38	NA	NA	0.68	0.87	0.15	NA	NA	NA	NA	NA	NA	NA	0.467463	0.637525	0.619563	0.87	0.570319	0.2827	0.1995	0.3026	NA	NA	NA	NA	NA	NA	NA	NA	NA	NA	NA	NA	NA	NA	NA	NA	NA	NA	NA	NA	NA	NA	NA	NA	NA	NA	NA	NA	NA	NA	NA	NA	NA	NA	NA	NA	NA	NA	NA	NA
gpa_dsDNA_30nt_seed2_model_3	4832	291	555	854	3132	1.9226852178722902	1.6307834267187424	2.264227486525077	0.6537227599533004	0.28390818734228246	0.489060529241921	0.8172336352070714	0.2123962891664502	0.3549200581961662	6.52995837685496e-15	1.3165238663014032e-14	gpa_dsDNA_30nt	2	3	gpa	30nt	30	dsDNA	NA	DNA-only	A	A-dsDNA	A-dsDNA-s2-m3	A-dsDNA	0.66	0.83	0.7	0	0.03	10	0.84	0.215	NA	NA	NA	0.72	0.39	0.38	NA	NA	0.66	0.86	0.15	NA	NA	NA	NA	NA	NA	NA	0.459577	0.64386	0.625496	0.86	0.554125	0.2696	0.1554	0.3029	NA	NA	NA	NA	NA	NA	NA	NA	NA	NA	NA	NA	NA	NA	NA	NA	NA	NA	NA	NA	NA	NA	NA	NA	NA	NA	NA	NA	NA	NA	NA	NA	NA	NA	NA	NA	NA	NA	NA	NA
gpa_dsDNA_30nt_seed2_model_4	4832	292	599	853	3088	1.7646117134862516	1.499122075822231	2.0743477216275545	0.5679306738243273	0.24664915774550092	0.4048796539781557	0.7296467532411568	0.175836999557611	0.316881558671258	8.085564516035151e-12	1.3041233090379276e-11	gpa_dsDNA_30nt	2	4	gpa	30nt	30	dsDNA	NA	DNA-only	A	A-dsDNA	A-dsDNA-s2-m4	A-dsDNA	0.63	0.83	0.68	0	0.03	10	0.85	0.21	NA	NA	NA	0.7	0.37	0.38	NA	NA	0.62	0.86	0.15	NA	NA	NA	NA	NA	NA	NA	0.462034	0.678645	0.662607	0.86	0.51337	0.2538	0.0949	0.3155	NA	NA	NA	NA	NA	NA	NA	NA	NA	NA	NA	NA	NA	NA	NA	NA	NA	NA	NA	NA	NA	NA	NA	NA	NA	NA	NA	NA	NA	NA	NA	NA	NA	NA	NA	NA	NA	NA	NA	NA
gpa_dsDNA_30nt_seed3_model_0	4832	294	553	851	3134	1.9576362654636257	1.660995954908407	2.304744784277944	0.6717377584465457	0.2917320017793943	0.5074173952930973	0.8349699476624164	0.2203685747975132	0.3626228408248344	1.0780296260035208e-15	2.343542665225045e-15	gpa_dsDNA_30nt	3	0	gpa	30nt	30	dsDNA	NA	DNA-only	A	A-dsDNA	A-dsDNA-s3-m0	A-dsDNA	0.66	0.84	0.72	0	0.06	10	0.85	0.215	NA	NA	NA	0.71	0.39	0.37	NA	NA	0.65	0.83	0.14	NA	NA	NA	NA	NA	NA	NA	0.52496	0.663205	0.643839	0.83	0.575089	0.3144	0.209	0.3515	NA	NA	NA	NA	NA	NA	NA	NA	NA	NA	NA	NA	NA	NA	NA	NA	NA	NA	NA	NA	NA	NA	NA	NA	NA	NA	NA	NA	NA	NA	NA	NA	NA	NA	NA	NA	NA	NA	NA	NA
gpa_dsDNA_30nt_seed3_model_1	4832	277	507	868	3180	2.0013153319627475	1.6907440235534448	2.3660554047989866	0.6938046303738197	0.30131552249027516	0.5251686826764503	0.8612241823568237	0.22807786095478227	0.37402491007920846	8.605679843639542e-16	1.89104018681888e-15	gpa_dsDNA_30nt	3	1	gpa	30nt	30	dsDNA	NA	DNA-only	A	A-dsDNA	A-dsDNA-s3-m1	A-dsDNA	0.65	0.84	0.71	0	0.04	10	0.86	0.21	NA	NA	NA	0.71	0.385	0.39	NA	NA	0.64	0.87	0.16	NA	NA	NA	NA	NA	NA	NA	0.505845	0.662486	0.641968	0.87	0.544246	0.2703	0.1703	0.3588	NA	NA	NA	NA	NA	NA	NA	NA	NA	NA	NA	NA	NA	NA	NA	NA	NA	NA	NA	NA	NA	NA	NA	NA	NA	NA	NA	NA	NA	NA	NA	NA	NA	NA	NA	NA	NA	NA	NA	NA
gpa_dsDNA_30nt_seed3_model_2	4832	278	607	867	3080	1.6267920302437324	1.3797165322367313	1.9154821346862114	0.4866099960001642	0.21133203610183476	0.3218780666466391	0.6499693584046635	0.1397898681903225	0.2822781057613423	5.466503966063181e-9	7.677674109639299e-9	gpa_dsDNA_30nt	3	2	gpa	30nt	30	dsDNA	NA	DNA-only	A	A-dsDNA	A-dsDNA-s3-m2	A-dsDNA	0.65	0.84	0.71	0	0.05	10	0.86	0.20500000000000002	NA	NA	NA	0.7	0.37	0.36	NA	NA	0.64	0.84	0.12	NA	NA	NA	NA	NA	NA	NA	0.481569	0.650324	0.628833	0.84	0.557974	0.2555	0.2368	0.324	NA	NA	NA	NA	NA	NA	NA	NA	NA	NA	NA	NA	NA	NA	NA	NA	NA	NA	NA	NA	NA	NA	NA	NA	NA	NA	NA	NA	NA	NA	NA	NA	NA	NA	NA	NA	NA	NA	NA	NA
gpa_dsDNA_30nt_seed3_model_3	4832	299	589	846	3098	1.858739728892123	1.580097269295103	2.183987179434788	0.6198986929623662	0.26921858169259383	0.4574864079889631	0.7811521876432621	0.19868382253534644	0.3392500846201223	6.055434239975375e-14	1.1735337674370883e-13	gpa_dsDNA_30nt	3	3	gpa	30nt	30	dsDNA	NA	DNA-only	A	A-dsDNA	A-dsDNA-s3-m3	A-dsDNA	0.62	0.82	0.69	0	0.06	10	0.84	0.2	NA	NA	NA	0.68	0.355	0.36	NA	NA	0.61	0.84	0.11	NA	NA	NA	NA	NA	NA	NA	0.472712	0.667059	0.64812	0.84	0.516128	0.2405	0.126	0.3222	NA	NA	NA	NA	NA	NA	NA	NA	NA	NA	NA	NA	NA	NA	NA	NA	NA	NA	NA	NA	NA	NA	NA	NA	NA	NA	NA	NA	NA	NA	NA	NA	NA	NA	NA	NA	NA	NA	NA	NA
gpa_dsDNA_30nt_seed3_model_4	4832	302	544	843	3143	2.0694484284715364	1.7570128095010837	2.4349156217362324	0.7272821120950046	0.3158546080698027	0.5636150997310784	0.8899121036697686	0.2447749277305583	0.3864839160026951	3.1544756102591192e-18	7.510656214902664e-18	gpa_dsDNA_30nt	3	4	gpa	30nt	30	dsDNA	NA	DNA-only	A	A-dsDNA	A-dsDNA-s3-m4	A-dsDNA	0.61	0.82	0.68	0	0.07	10	0.84	0.195	NA	NA	NA	0.68	0.345	0.35	NA	NA	0.6	0.83	0.11	NA	NA	NA	NA	NA	NA	NA	0.43105	0.672653	0.65569	0.83	0.521062	0.2715	0.1371	0.321	NA	NA	NA	NA	NA	NA	NA	NA	NA	NA	NA	NA	NA	NA	NA	NA	NA	NA	NA	NA	NA	NA	NA	NA	NA	NA	NA	NA	NA	NA	NA	NA	NA	NA	NA	NA	NA	NA	NA	NA
gpa_dsDNA_30nt_seed4_model_0	4832	271	536	874	3151	1.8226338017006067	1.5402263638878686	2.15382405996231	0.6002825987767892	0.26069942023130327	0.4319293951612112	0.767244894786413	0.18758455289032316	0.3332102240741802	2.2601143813707466e-12	3.843731941106712e-12	gpa_dsDNA_30nt	4	0	gpa	30nt	30	dsDNA	NA	DNA-only	A	A-dsDNA	A-dsDNA-s4-m0	A-dsDNA	0.73	0.87	0.77	0	0.04	10	0.88	0.235	NA	NA	NA	0.78	0.435	0.41	NA	NA	0.73	0.89	0.17	NA	NA	NA	NA	NA	NA	NA	0.516622	0.653229	0.64023	0.89	0.643916	0.3147	0.2677	0.3324	NA	NA	NA	NA	NA	NA	NA	NA	NA	NA	NA	NA	NA	NA	NA	NA	NA	NA	NA	NA	NA	NA	NA	NA	NA	NA	NA	NA	NA	NA	NA	NA	NA	NA	NA	NA	NA	NA	NA	NA
gpa_dsDNA_30nt_seed4_model_1	4832	280	557	865	3130	1.818817001959025	1.5403580627858673	2.144737353967718	0.5981862908242052	0.2597890052551261	0.4320148977021827	0.7630170991801977	0.1876216861720558	0.33137411577178605	1.7112633242301556e-12	2.9504540072933715e-12	gpa_dsDNA_30nt	4	1	gpa	30nt	30	dsDNA	NA	DNA-only	A	A-dsDNA	A-dsDNA-s4-m1	A-dsDNA	0.73	0.85	0.77	0	0.03	10	0.86	0.235	NA	NA	NA	0.77	0.435	0.4	NA	NA	0.74	0.87	0.17	NA	NA	NA	NA	NA	NA	NA	0.546992	0.659466	0.6472	0.87	0.654302	0.2855	0.2853	0.341	NA	NA	NA	NA	NA	NA	NA	NA	NA	NA	NA	NA	NA	NA	NA	NA	NA	NA	NA	NA	NA	NA	NA	NA	NA	NA	NA	NA	NA	NA	NA	NA	NA	NA	NA	NA	NA	NA	NA	NA
gpa_dsDNA_30nt_seed4_model_2	4832	271	524	874	3163	1.871445274108055	1.5807040508847525	2.2126896650318493	0.6267110062078713	0.2721771317441131	0.4578703496136578	0.7942088185340095	0.1988505662643243	0.3449205073682214	2.98464368319149e-13	5.486477358807885e-13	gpa_dsDNA_30nt	4	2	gpa	30nt	30	dsDNA	NA	DNA-only	A	A-dsDNA	A-dsDNA-s4-m2	A-dsDNA	0.68	0.85	0.73	0	0.03	10	0.86	0.215	NA	NA	NA	0.73	0.395	0.37	NA	NA	0.68	0.85	0.13	NA	NA	NA	NA	NA	NA	NA	0.482609	0.622205	0.608101	0.85	0.577997	0.2587	0.1555	0.3046	NA	NA	NA	NA	NA	NA	NA	NA	NA	NA	NA	NA	NA	NA	NA	NA	NA	NA	NA	NA	NA	NA	NA	NA	NA	NA	NA	NA	NA	NA	NA	NA	NA	NA	NA	NA	NA	NA	NA	NA
gpa_dsDNA_30nt_seed4_model_3	4832	285	513	860	3174	2.0500646968543985	1.7344022641000276	2.4204579727290283	0.7178713520934982	0.3117675669306326	0.5506628376705642	0.8839567671933828	0.23914983178951216	0.38389754623312355	4.2675923240691596e-17	9.971010102965327e-17	gpa_dsDNA_30nt	4	3	gpa	30nt	30	dsDNA	NA	DNA-only	A	A-dsDNA	A-dsDNA-s4-m3	A-dsDNA	0.65	0.84	0.7	0	0.03	10	0.86	0.215	NA	NA	NA	0.7	0.38	0.36	NA	NA	0.64	0.84	0.13	NA	NA	NA	NA	NA	NA	NA	0.442855	0.614662	0.598638	0.84	0.533277	0.2305	0.1216	0.2942	NA	NA	NA	NA	NA	NA	NA	NA	NA	NA	NA	NA	NA	NA	NA	NA	NA	NA	NA	NA	NA	NA	NA	NA	NA	NA	NA	NA	NA	NA	NA	NA	NA	NA	NA	NA	NA	NA	NA	NA
gpa_dsDNA_30nt_seed4_model_4	4832	269	576	876	3111	1.6583074712912356	1.40308059616398	1.9572638161271014	0.505797486619575	0.21966505739941528	0.3386702450612516	0.6715474857295488	0.14708261861492358	0.2916493673883458	2.7618504409251327e-9	3.923083012677745e-9	gpa_dsDNA_30nt	4	4	gpa	30nt	30	dsDNA	NA	DNA-only	A	A-dsDNA	A-dsDNA-s4-m4	A-dsDNA	0.64	0.85	0.69	0	0.03	10	0.86	0.20500000000000002	NA	NA	NA	0.7	0.375	0.37	NA	NA	0.63	0.85	0.13	NA	NA	NA	NA	NA	NA	NA	0.474698	0.671118	0.656603	0.85	0.518585	0.261	0.1296	0.3178	NA	NA	NA	NA	NA	NA	NA	NA	NA	NA	NA	NA	NA	NA	NA	NA	NA	NA	NA	NA	NA	NA	NA	NA	NA	NA	NA	NA	NA	NA	NA	NA	NA	NA	NA	NA	NA	NA	NA	NA
gpa_dsDNA_30nt_seed5_model_0	4832	301	586	844	3101	1.887019022178404	1.6043404165294033	2.216941536103253	0.6349983469812869	0.27577627811165933	0.4727127166832597	0.7961285595617216	0.20529652438103493	0.34575424030324003	1.472645328026569e-14	2.8762604063018923e-14	gpa_dsDNA_30nt	5	0	gpa	30nt	30	dsDNA	NA	DNA-only	A	A-dsDNA	A-dsDNA-s5-m0	A-dsDNA	0.77	0.87	0.8	0	0.03	10	0.87	0.245	NA	NA	NA	0.8	0.46499999999999997	0.41	NA	NA	0.77	0.87	0.19	NA	NA	NA	NA	NA	NA	NA	0.611743	0.706543	0.695275	0.87	0.706543	0.3975	0.3726	0.3835	NA	NA	NA	NA	NA	NA	NA	NA	NA	NA	NA	NA	NA	NA	NA	NA	NA	NA	NA	NA	NA	NA	NA	NA	NA	NA	NA	NA	NA	NA	NA	NA	NA	NA	NA	NA	NA	NA	NA	NA
gpa_dsDNA_30nt_seed5_model_1	4832	270	602	875	3085	1.5811385191855354	1.339129106752999	1.8641239040482391	0.4581451693074844	0.19896991894087152	0.29201948233946445	0.622791186183109	0.1268224497882735	0.270474775537305	5.745725622379204e-8	7.560165292604217e-8	gpa_dsDNA_30nt	5	1	gpa	30nt	30	dsDNA	NA	DNA-only	A	A-dsDNA	A-dsDNA-s5-m1	A-dsDNA	0.67	0.85	0.73	0	0.04	10	0.86	0.2	NA	NA	NA	0.72	0.38	0.35	NA	NA	0.67	0.84	0.1	NA	NA	NA	NA	NA	NA	NA	0.419432	0.621452	0.603906	0.84	0.580339	0.2819	0.1812	0.2822	NA	NA	NA	NA	NA	NA	NA	NA	NA	NA	NA	NA	NA	NA	NA	NA	NA	NA	NA	NA	NA	NA	NA	NA	NA	NA	NA	NA	NA	NA	NA	NA	NA	NA	NA	NA	NA	NA	NA	NA
gpa_dsDNA_30nt_seed5_model_2	4832	310	644	835	3043	1.7541083279224123	1.495732269453168	2.0546836013545953	0.5619606525459757	0.24405641044746781	0.4026158992669971	0.7201218708167586	0.17485386337817233	0.3127449547935646	3.594292950153646e-12	5.950816142638487e-12	gpa_dsDNA_30nt	5	2	gpa	30nt	30	dsDNA	NA	DNA-only	A	A-dsDNA	A-dsDNA-s5-m2	A-dsDNA	0.65	0.85	0.7	0	0.03	10	0.87	0.215	NA	NA	NA	0.71	0.38	0.39	NA	NA	0.64	0.86	0.16	NA	NA	NA	NA	NA	NA	NA	0.494862	0.668532	0.65288	0.86	0.53263	0.2673	0.1037	0.3334	NA	NA	NA	NA	NA	NA	NA	NA	NA	NA	NA	NA	NA	NA	NA	NA	NA	NA	NA	NA	NA	NA	NA	NA	NA	NA	NA	NA	NA	NA	NA	NA	NA	NA	NA	NA	NA	NA	NA	NA
gpa_dsDNA_30nt_seed5_model_3	4832	300	519	845	3168	2.1667301603648457	1.837227808869556	2.5529199103160476	0.7732191925878799	0.33580482864260397	0.6082578099048883	0.9372377669549136	0.26416301041625007	0.4070371904198449	3.9496450107379053e-20	9.494338968119964e-20	gpa_dsDNA_30nt	5	3	gpa	30nt	30	dsDNA	NA	DNA-only	A	A-dsDNA	A-dsDNA-s5-m3	A-dsDNA	0.64	0.84	0.7	0	0.04	10	0.85	0.20500000000000002	NA	NA	NA	0.71	0.38	0.38	NA	NA	0.64	0.87	0.14	NA	NA	NA	NA	NA	NA	NA	0.492916	0.640733	0.619278	0.87	0.555759	0.2139	0.1586	0.3215	NA	NA	NA	NA	NA	NA	NA	NA	NA	NA	NA	NA	NA	NA	NA	NA	NA	NA	NA	NA	NA	NA	NA	NA	NA	NA	NA	NA	NA	NA	NA	NA	NA	NA	NA	NA	NA	NA	NA	NA
gpa_dsDNA_30nt_seed5_model_4	4832	288	593	857	3094	1.7532510674498882	1.4883749589326556	2.0624850727850133	0.5614718172753581	0.24384411198687891	0.39768489319713357	0.7239116017629393	0.17271235465179915	0.31439081403138885	1.651076898312957e-11	2.5479581764088845e-11	gpa_dsDNA_30nt	5	4	gpa	30nt	30	dsDNA	NA	DNA-only	A	A-dsDNA	A-dsDNA-s5-m4	A-dsDNA	0.64	0.84	0.69	0	0.03	10	0.86	0.2	NA	NA	NA	0.7	0.37	0.36	NA	NA	0.63	0.85	0.12	NA	NA	NA	NA	NA	NA	NA	0.453161	0.645798	0.627601	0.85	0.547864	0.2575	0.1168	0.3138	NA	NA	NA	NA	NA	NA	NA	NA	NA	NA	NA	NA	NA	NA	NA	NA	NA	NA	NA	NA	NA	NA	NA	NA	NA	NA	NA	NA	NA	NA	NA	NA	NA	NA	NA	NA	NA	NA	NA	NA
gpa_dsDNA_30nt_seed6_model_0	4832	292	577	853	3110	1.8448971340795348	1.5662049513669438	2.1704320921769433	0.6124235220517538	0.26597215621483117	0.44865546471837875	0.7749262685493171	0.19484859260293097	0.3365462023128459	1.9789912341392588e-13	3.719908334848231e-13	gpa_dsDNA_30nt	6	0	gpa	30nt	30	dsDNA	NA	DNA-only	A	A-dsDNA	A-dsDNA-s6-m0	A-dsDNA	0.7	0.84	0.75	0	0.04	10	0.85	0.23	NA	NA	NA	0.75	0.42	0.39	NA	NA	0.71	0.87	0.15	NA	NA	NA	NA	NA	NA	NA	0.535472	0.651824	0.63431	0.87	0.62059	0.2864	0.2742	0.3324	NA	NA	NA	NA	NA	NA	NA	NA	NA	NA	NA	NA	NA	NA	NA	NA	NA	NA	NA	NA	NA	NA	NA	NA	NA	NA	NA	NA	NA	NA	NA	NA	NA	NA	NA	NA	NA	NA	NA	NA
gpa_dsDNA_30nt_seed6_model_1	4832	287	548	858	3139	1.915801904576734	1.6235681444561647	2.2579003446984207	0.6501362841078941	0.2823506006731432	0.48462628547487757	0.8144353304304137	0.21047052156700935	0.3537047698729803	1.3555424543803385e-14	2.668390658229013e-14	gpa_dsDNA_30nt	6	1	gpa	30nt	30	dsDNA	NA	DNA-only	A	A-dsDNA	A-dsDNA-s6-m1	A-dsDNA	0.64	0.84	0.69	0	0.04	10	0.85	0.21	NA	NA	NA	0.71	0.38	0.37	NA	NA	0.64	0.87	0.13	NA	NA	NA	NA	NA	NA	NA	0.468214	0.647871	0.631164	0.87	0.541748	0.2482	0.125	0.3183	NA	NA	NA	NA	NA	NA	NA	NA	NA	NA	NA	NA	NA	NA	NA	NA	NA	NA	NA	NA	NA	NA	NA	NA	NA	NA	NA	NA	NA	NA	NA	NA	NA	NA	NA	NA	NA	NA	NA	NA
gpa_dsDNA_30nt_seed6_model_2	4832	284	531	861	3156	1.960189437691588	1.659394729807082	2.3129126015764987	0.6730411204553968	0.29229804470776066	0.5064529152800552	0.8385075967924279	0.21994970644994305	0.36415922232090825	2.4554599665711446e-15	5.158529341536018e-15	gpa_dsDNA_30nt	6	2	gpa	30nt	30	dsDNA	NA	DNA-only	A	A-dsDNA	A-dsDNA-s6-m2	A-dsDNA	0.62	0.83	0.68	0	0.04	10	0.84	0.19	NA	NA	NA	0.69	0.34	0.35	NA	NA	0.61	0.86	0.09	NA	NA	NA	NA	NA	NA	NA	0.381969	0.614303	0.590599	0.86	0.512491	0.2232	0.1385	0.2739	NA	NA	NA	NA	NA	NA	NA	NA	NA	NA	NA	NA	NA	NA	NA	NA	NA	NA	NA	NA	NA	NA	NA	NA	NA	NA	NA	NA	NA	NA	NA	NA	NA	NA	NA	NA	NA	NA	NA	NA
gpa_dsDNA_30nt_seed6_model_3	4832	304	621	841	3066	1.784511533263524	1.5194638972124428	2.0932370923913197	0.5791447269496214	0.2515193591375861	0.41835757344285235	0.7387117157828167	0.18169038560866518	0.3208184218817606	1.3992283502121708e-12	2.4292158857850188e-12	gpa_dsDNA_30nt	6	3	gpa	30nt	30	dsDNA	NA	DNA-only	A	A-dsDNA	A-dsDNA-s6-m3	A-dsDNA	0.62	0.83	0.68	0	0.03	10	0.85	0.20500000000000002	NA	NA	NA	0.69	0.365	0.36	NA	NA	0.61	0.85	0.12	NA	NA	NA	NA	NA	NA	NA	0.436326	0.668891	0.649326	0.85	0.517885	0.2654	0.1081	0.302	NA	NA	NA	NA	NA	NA	NA	NA	NA	NA	NA	NA	NA	NA	NA	NA	NA	NA	NA	NA	NA	NA	NA	NA	NA	NA	NA	NA	NA	NA	NA	NA	NA	NA	NA	NA	NA	NA	NA	NA
gpa_dsDNA_30nt_seed6_model_4	4832	280	529	865	3158	1.9321550880749763	1.6345679206422055	2.2812541965561874	0.6586360058993279	0.2860419829448757	0.4913785007037216	0.8247253779332465	0.21340297138151942	0.35817368072198286	1.2651778339265137e-14	2.510273480012924e-14	gpa_dsDNA_30nt	6	4	gpa	30nt	30	dsDNA	NA	DNA-only	A	A-dsDNA	A-dsDNA-s6-m4	A-dsDNA	0.61	0.83	0.68	0	0.04	10	0.85	0.195	NA	NA	NA	0.68	0.35	0.35	NA	NA	0.61	0.84	0.1	NA	NA	NA	NA	NA	NA	NA	0.415835	0.647188	0.626147	0.84	0.500235	0.2505	0.1106	0.2899	NA	NA	NA	NA	NA	NA	NA	NA	NA	NA	NA	NA	NA	NA	NA	NA	NA	NA	NA	NA	NA	NA	NA	NA	NA	NA	NA	NA	NA	NA	NA	NA	NA	NA	NA	NA	NA	NA	NA	NA
gpa_dsDNA_30nt_seed7_model_0	4832	276	571	869	3116	1.7329080941015271	1.4675898779183785	2.04364899336266	0.5498009764948227	0.23877553023672096	0.38362151644493714	0.7147369322342361	0.1666047077313938	0.3104063056817872	7.058230967379652e-11	1.0629865914728392e-10	gpa_dsDNA_30nt	7	0	gpa	30nt	30	dsDNA	NA	DNA-only	A	A-dsDNA	A-dsDNA-s7-m0	A-dsDNA	0.71	0.87	0.76	0	0.04	10	0.88	0.235	NA	NA	NA	0.76	0.435	0.4	NA	NA	0.71	0.87	0.17	NA	NA	NA	NA	NA	NA	NA	0.505817	0.617702	0.6073	0.87	0.601219	0.3256	0.2444	0.3045	NA	NA	NA	NA	NA	NA	NA	NA	NA	NA	NA	NA	NA	NA	NA	NA	NA	NA	NA	NA	NA	NA	NA	NA	NA	NA	NA	NA	NA	NA	NA	NA	NA	NA	NA	NA	NA	NA	NA	NA
gpa_dsDNA_30nt_seed7_model_1	4832	288	581	857	3106	1.7963773370565868	1.5243846731143726	2.114123896038957	0.5857720463962369	0.2543975674030613	0.42159083559439897	0.7486404931285031	0.18309457351962852	0.32513043509503825	2.651507814064547e-12	4.478898334568492e-12	gpa_dsDNA_30nt	7	1	gpa	30nt	30	dsDNA	NA	DNA-only	A	A-dsDNA	A-dsDNA-s7-m1	A-dsDNA	0.71	0.87	0.76	0	0.03	10	0.88	0.23	NA	NA	NA	0.76	0.42	0.39	NA	NA	0.71	0.87	0.15	NA	NA	NA	NA	NA	NA	NA	0.469917	0.604355	0.592011	0.87	0.592339	0.2635	0.1684	0.2828	NA	NA	NA	NA	NA	NA	NA	NA	NA	NA	NA	NA	NA	NA	NA	NA	NA	NA	NA	NA	NA	NA	NA	NA	NA	NA	NA	NA	NA	NA	NA	NA	NA	NA	NA	NA	NA	NA	NA	NA
gpa_dsDNA_30nt_seed7_model_2	4832	273	552	872	3135	1.777906408392851	1.503852123666271	2.098937715446869	0.575436497007064	0.249908895335905	0.40802989866331546	0.7414313669570058	0.17720513344102093	0.32199955137941266	1.2788628159091833e-11	2.0107905910521752e-11	gpa_dsDNA_30nt	7	2	gpa	30nt	30	dsDNA	NA	DNA-only	A	A-dsDNA	A-dsDNA-s7-m2	A-dsDNA	0.7	0.87	0.75	0	0.04	10	0.88	0.23	NA	NA	NA	0.75	0.425	0.4	NA	NA	0.7	0.87	0.17	NA	NA	NA	NA	NA	NA	NA	0.507603	0.610439	0.597789	0.87	0.585147	0.2776	0.203	0.3091	NA	NA	NA	NA	NA	NA	NA	NA	NA	NA	NA	NA	NA	NA	NA	NA	NA	NA	NA	NA	NA	NA	NA	NA	NA	NA	NA	NA	NA	NA	NA	NA	NA	NA	NA	NA	NA	NA	NA	NA
gpa_dsDNA_30nt_seed7_model_3	4832	292	551	853	3136	1.9480483347257975	1.652230775131197	2.2942617161320684	0.6668280174000945	0.2895997283353466	0.5021263597317782	0.8304110994412539	0.21807070724967847	0.36064295819854914	1.9858042946454023e-15	4.207212488655514e-15	gpa_dsDNA_30nt	7	3	gpa	30nt	30	dsDNA	NA	DNA-only	A	A-dsDNA	A-dsDNA-s7-m3	A-dsDNA	0.66	0.85	0.73	0	0.05	10	0.87	0.20500000000000002	NA	NA	NA	0.72	0.38	0.36	NA	NA	0.66	0.86	0.13	NA	NA	NA	NA	NA	NA	NA	0.436044	0.579317	0.566115	0.86	0.539109	0.2734	0.1731	0.2757	NA	NA	NA	NA	NA	NA	NA	NA	NA	NA	NA	NA	NA	NA	NA	NA	NA	NA	NA	NA	NA	NA	NA	NA	NA	NA	NA	NA	NA	NA	NA	NA	NA	NA	NA	NA	NA	NA	NA	NA
gpa_dsDNA_30nt_seed7_model_4	4832	289	566	856	3121	1.8614577748590533	1.5790183738097192	2.1917935628204526	0.6213599306777424	0.2698531891691306	0.45680337156408	0.7847201871053716	0.19838718358508078	0.3407996470979502	1.3474397027113368e-13	2.5519691339229867e-13	gpa_dsDNA_30nt	7	4	gpa	30nt	30	dsDNA	NA	DNA-only	A	A-dsDNA	A-dsDNA-s7-m4	A-dsDNA	0.64	0.85	0.7	0	0.04	10	0.87	0.21	NA	NA	NA	0.7	0.375	0.37	NA	NA	0.63	0.86	0.14	NA	NA	NA	NA	NA	NA	NA	0.463693	0.65459	0.640223	0.86	0.504607	0.2505	0.1308	0.3005	NA	NA	NA	NA	NA	NA	NA	NA	NA	NA	NA	NA	NA	NA	NA	NA	NA	NA	NA	NA	NA	NA	NA	NA	NA	NA	NA	NA	NA	NA	NA	NA	NA	NA	NA	NA	NA	NA	NA	NA
gpa_dsDNA_30nt_seed8_model_0	4832	273	560	872	3127	1.7478672496606396	1.478956205748998	2.06305821606278	0.5583963302193734	0.24250844492929988	0.39133657257287885	0.7241894528197944	0.16995531403533273	0.31451148321217204	5.089727708642232e-11	7.806330841475817e-11	gpa_dsDNA_30nt	8	0	gpa	30nt	30	dsDNA	NA	DNA-only	A	A-dsDNA	A-dsDNA-s8-m0	A-dsDNA	0.73	0.86	0.77	0	0.04	10	0.86	0.235	NA	NA	NA	0.77	0.45	0.42	NA	NA	0.73	0.88	0.2	NA	NA	NA	NA	NA	NA	NA	0.59104	0.673469	0.658782	0.88	0.647901	0.3271	0.2727	0.361	NA	NA	NA	NA	NA	NA	NA	NA	NA	NA	NA	NA	NA	NA	NA	NA	NA	NA	NA	NA	NA	NA	NA	NA	NA	NA	NA	NA	NA	NA	NA	NA	NA	NA	NA	NA	NA	NA	NA	NA
gpa_dsDNA_30nt_seed8_model_1	4832	313	589	832	3098	1.9784492582386481	1.6847915369182267	2.3209037716054506	0.6823133349330365	0.296324916290423	0.5216418391882737	0.8419566665471843	0.22654617228933072	0.3656571342830983	7.190586268369983e-17	1.6644875621226814e-16	gpa_dsDNA_30nt	8	1	gpa	30nt	30	dsDNA	NA	DNA-only	A	A-dsDNA	A-dsDNA-s8-m1	A-dsDNA	0.67	0.84	0.73	0	0.05	10	0.86	0.215	NA	NA	NA	0.73	0.405	0.4	NA	NA	0.66	0.87	0.18	NA	NA	NA	NA	NA	NA	NA	0.52082	0.666353	0.649384	0.87	0.581118	0.3232	0.2226	0.3463	NA	NA	NA	NA	NA	NA	NA	NA	NA	NA	NA	NA	NA	NA	NA	NA	NA	NA	NA	NA	NA	NA	NA	NA	NA	NA	NA	NA	NA	NA	NA	NA	NA	NA	NA	NA	NA	NA	NA	NA
gpa_dsDNA_30nt_seed8_model_2	4832	261	563	884	3124	1.638079226781646	1.3835126473995738	1.9366499269140844	0.4935243522597466	0.21433490287128462	0.32462566180014923	0.6609596385683805	0.14098313360399606	0.2870511237910154	9.867095622246497e-9	1.3628585113600134e-8	gpa_dsDNA_30nt	8	2	gpa	30nt	30	dsDNA	NA	DNA-only	A	A-dsDNA	A-dsDNA-s8-m2	A-dsDNA	0.68	0.84	0.72	0	0.03	10	0.85	0.225	NA	NA	NA	0.73	0.41000000000000003	0.39	NA	NA	0.67	0.85	0.18	NA	NA	NA	NA	NA	NA	NA	0.541459	0.659238	0.642954	0.85	0.58866	0.2925	0.1906	0.3403	NA	NA	NA	NA	NA	NA	NA	NA	NA	NA	NA	NA	NA	NA	NA	NA	NA	NA	NA	NA	NA	NA	NA	NA	NA	NA	NA	NA	NA	NA	NA	NA	NA	NA	NA	NA	NA	NA	NA	NA
gpa_dsDNA_30nt_seed8_model_3	4832	295	554	850	3133	1.9624272261815305	1.665298288818609	2.3100676838770142	0.6741820877863707	0.2927935605236345	0.5100042598301335	0.8372768244841142	0.22149203579137927	0.3636247046989283	7.931276044617693e-16	1.7703741171021637e-15	gpa_dsDNA_30nt	8	3	gpa	30nt	30	dsDNA	NA	DNA-only	A	A-dsDNA	A-dsDNA-s8-m3	A-dsDNA	0.66	0.85	0.71	0	0.03	10	0.86	0.215	NA	NA	NA	0.72	0.395	0.4	NA	NA	0.65	0.87	0.18	NA	NA	NA	NA	NA	NA	NA	0.511868	0.655648	0.637928	0.87	0.550809	0.304	0.1318	0.3398	NA	NA	NA	NA	NA	NA	NA	NA	NA	NA	NA	NA	NA	NA	NA	NA	NA	NA	NA	NA	NA	NA	NA	NA	NA	NA	NA	NA	NA	NA	NA	NA	NA	NA	NA	NA	NA	NA	NA	NA
gpa_dsDNA_30nt_seed8_model_4	4832	291	585	854	3102	1.8066748623032085	1.5339842552516638	2.125117971598936	0.5914880631033452	0.25688000191742527	0.42786843904080263	0.7538273168819796	0.18582090205597848	0.32738304402977775	1.2077086752150901e-12	2.1113788028235842e-12	gpa_dsDNA_30nt	8	4	gpa	30nt	30	dsDNA	NA	DNA-only	A	A-dsDNA	A-dsDNA-s8-m4	A-dsDNA	0.65	0.84	0.7	0	0.03	10	0.86	0.20500000000000002	NA	NA	NA	0.71	0.38	0.38	NA	NA	0.64	0.85	0.15	NA	NA	NA	NA	NA	NA	NA	0.465912	0.636423	0.618641	0.85	0.553894	0.3038	0.161	0.3078	NA	NA	NA	NA	NA	NA	NA	NA	NA	NA	NA	NA	NA	NA	NA	NA	NA	NA	NA	NA	NA	NA	NA	NA	NA	NA	NA	NA	NA	NA	NA	NA	NA	NA	NA	NA	NA	NA	NA	NA
gpa_dsDNA_30nt_seed9_model_0	4832	270	528	875	3159	1.8459766661041073	1.559188592521656	2.182443105770347	0.6130084957538093	0.2662262070656924	0.4441655529464153	0.7804449400162772	0.1928986486961348	0.33894293087838356	9.14663262615577e-13	1.6103226454499596e-12	gpa_dsDNA_30nt	9	0	gpa	30nt	30	dsDNA	NA	DNA-only	A	A-dsDNA	A-dsDNA-s9-m0	A-dsDNA	0.72	0.86	0.76	0	0.03	10	0.87	0.235	NA	NA	NA	0.77	0.44	0.41	NA	NA	0.72	0.88	0.17	NA	NA	NA	NA	NA	NA	NA	0.541301	0.639143	0.627408	0.88	0.63214	0.2578	0.2069	0.3314	NA	NA	NA	NA	NA	NA	NA	NA	NA	NA	NA	NA	NA	NA	NA	NA	NA	NA	NA	NA	NA	NA	NA	NA	NA	NA	NA	NA	NA	NA	NA	NA	NA	NA	NA	NA	NA	NA	NA	NA
gpa_dsDNA_30nt_seed9_model_1	4832	277	541	868	3146	1.8555584409966732	1.5697884772900565	2.190484092719076	0.6181856971134282	0.2684746370478769	0.4509408824428776	0.78412256630483	0.1958411369095247	0.3405401036820044	3.917802274268343e-13	7.097467888167289e-13	gpa_dsDNA_30nt	9	1	gpa	30nt	30	dsDNA	NA	DNA-only	A	A-dsDNA	A-dsDNA-s9-m1	A-dsDNA	0.7	0.85	0.75	0	0.03	10	0.87	0.23	NA	NA	NA	0.75	0.425	0.39	NA	NA	0.7	0.86	0.16	NA	NA	NA	NA	NA	NA	NA	0.538942	0.647683	0.632308	0.86	0.605777	0.2867	0.2319	0.3413	NA	NA	NA	NA	NA	NA	NA	NA	NA	NA	NA	NA	NA	NA	NA	NA	NA	NA	NA	NA	NA	NA	NA	NA	NA	NA	NA	NA	NA	NA	NA	NA	NA	NA	NA	NA	NA	NA	NA	NA
gpa_dsDNA_30nt_seed9_model_2	4832	289	547	856	3140	1.9378005200188597	1.6426131802245505	2.2835038700460455	0.6615535773240098	0.28730906811517365	0.49628837629307193	0.8257110484284502	0.21553530325680575	0.35860175197902466	4.713810763031712e-15	9.659448284901049e-15	gpa_dsDNA_30nt	9	2	gpa	30nt	30	dsDNA	NA	DNA-only	A	A-dsDNA	A-dsDNA-s9-m2	A-dsDNA	0.68	0.85	0.73	0	0.03	10	0.86	0.22	NA	NA	NA	0.74	0.4	0.39	NA	NA	0.68	0.87	0.15	NA	NA	NA	NA	NA	NA	NA	0.482814	0.61826	0.601791	0.87	0.575569	0.2491	0.1653	0.3017	NA	NA	NA	NA	NA	NA	NA	NA	NA	NA	NA	NA	NA	NA	NA	NA	NA	NA	NA	NA	NA	NA	NA	NA	NA	NA	NA	NA	NA	NA	NA	NA	NA	NA	NA	NA	NA	NA	NA	NA
gpa_dsDNA_30nt_seed9_model_3	4832	292	554	853	3133	1.9356519064968325	1.6419046324930773	2.279198318888292	0.6604441723251558	0.2868272596459755	0.49585692925404484	0.8238237666127899	0.2153479281885228	0.35778211590068704	3.2162697948197367e-15	6.645185526487059e-15	gpa_dsDNA_30nt	9	3	gpa	30nt	30	dsDNA	NA	DNA-only	A	A-dsDNA	A-dsDNA-s9-m3	A-dsDNA	0.63	0.84	0.69	0	0.03	10	0.87	0.20500000000000002	NA	NA	NA	0.69	0.37	0.37	NA	NA	0.63	0.85	0.14	NA	NA	NA	NA	NA	NA	NA	0.476427	0.673476	0.65875	0.85	0.509111	0.2515	0.1232	0.3221	NA	NA	NA	NA	NA	NA	NA	NA	NA	NA	NA	NA	NA	NA	NA	NA	NA	NA	NA	NA	NA	NA	NA	NA	NA	NA	NA	NA	NA	NA	NA	NA	NA	NA	NA	NA	NA	NA	NA	NA
gpa_dsDNA_30nt_seed9_model_4	4832	281	564	864	3123	1.8007186976903151	1.5256071005233727	2.1225292441015124	0.5881858617070904	0.25544587407289854	0.4223924295429612	0.7526084172481473	0.1834427013482161	0.32685368264481046	2.9542849113753557e-12	4.95685387814657e-12	gpa_dsDNA_30nt	9	4	gpa	30nt	30	dsDNA	NA	DNA-only	A	A-dsDNA	A-dsDNA-s9-m4	A-dsDNA	0.62	0.85	0.68	0	0.03	10	0.87	0.20500000000000002	NA	NA	NA	0.7	0.365	0.38	NA	NA	0.61	0.88	0.13	NA	NA	NA	NA	NA	NA	NA	0.443171	0.663191	0.648755	0.88	0.506966	0.207	0.1151	0.3071	NA	NA	NA	NA	NA	NA	NA	NA	NA	NA	NA	NA	NA	NA	NA	NA	NA	NA	NA	NA	NA	NA	NA	NA	NA	NA	NA	NA	NA	NA	NA	NA	NA	NA	NA	NA	NA	NA	NA	NA
gpa_ssDNA_30nt_2rep_gpc_seed10_model_0	4832	157	327	988	3360	1.6326206507690126	1.323503411193633	2.0080958530679465	0.4901864849622335	0.21288528552264935	0.28028232008527354	0.6971869362817825	0.12172506498807527	0.30278443928221216	3.605246722571111e-6	4.3541627084192165e-6	gpa_ssDNA_30nt_2rep_gpc	10	0	gpa	30nt	30	ssDNA	2rep_gpc	+ 2Rep + C	A	A-ssDNA-2rep_gpc	A-ssDNA-2rep_gpc-s10-m0	A-C-DNA-Rep	0.34	0.42	0.38	0	0.05	10	0.77	0.12	NA	0.41	0.78	0.24	0.14	0.08	0.09	0.19	0.28	0.13	0.01	0.12	0.02	0.53	0.02	0.2	0.29	0.12	0.022592	0.279703	0.099308	0.13	0.151359	0.0768	0.0129	0.0192	0	0	0	0.12	0.084887	0.0671	0.0088	0	0.26729	0.691815	0.434635	0.53	0.421958	0.1773	0.0191	0.2225	0	0	0	0.02	0.017037	0	0	0	0	0	0	0.2	0.127834	0.0463	0.0089	0	0.019723	0.29618	0.019723	0.12	0.153101	0.0697	0.0115	0
gpa_ssDNA_30nt_2rep_gpc_seed10_model_1	4832	148	230	997	3457	2.2307774073941213	1.7804258249249327	2.788722311804045	0.8023501379017914	0.34845623744506116	0.5768525631795789	1.025583538182478	0.25052388506063805	0.44540527136346314	3.4908171662010208e-12	5.8180286103350345e-12	gpa_ssDNA_30nt_2rep_gpc	10	1	gpa	30nt	30	ssDNA	2rep_gpc	+ 2Rep + C	A	A-ssDNA-2rep_gpc	A-ssDNA-2rep_gpc-s10-m1	A-C-DNA-Rep	0.33	0.42	0.37	0	0.04	10	0.77	0.13	NA	0.39	0.78	0.32	0.15	0.19	0.07	0.185	0.3	0.55	0.04	0.08	0.01	0.51	0.02	0.13	0.28	0.24	0.021878	0.273129	0.075765	0.55	0.151913	0.0865	0.0129	0.0312	0	0	0	0.08	0.074284	0.0232	0.0082	0	0.219155	0.657555	0.375686	0.51	0.39247	0.2023	0.0217	0.1812	0	0	0	0.01	0.017245	0	0	0	0	0	0	0.13	0.095897	0.1486	0.009	0	0.01842	0.281861	0.01842	0.24	0.144951	0.065	0.0127	0
gpa_ssDNA_30nt_2rep_gpc_seed10_model_2	4832	128	258	1017	3429	1.6725728253045884	1.3269372527035301	2.100454327593742	0.5143630548552995	0.2233850364185562	0.2828734691556304	0.7421536678030644	0.12285038673111998	0.3223132426511299	1.1425680593925112e-5	1.3473679945666406e-5	gpa_ssDNA_30nt_2rep_gpc	10	2	gpa	30nt	30	ssDNA	2rep_gpc	+ 2Rep + C	A	A-ssDNA-2rep_gpc	A-ssDNA-2rep_gpc-s10-m2	A-C-DNA-Rep	0.33	0.42	0.37	0	0.04	10	0.77	0.14	NA	0.38	0.775	0.23	0.17	0.12	0.07	0.21	0.32	0.08	0.03	0.1	0.01	0.51	0.03	0.11	0.27	0.37	0.022928	0.28128	0.086778	0.08	0.158107	0.0754	0.0141	0.0538	0	0	0	0.1	0.079313	0.051	0.0086	0	0.231238	0.64311	0.371946	0.51	0.395098	0.1254	0.056	0.1865	0	0	0	0.01	0.018074	0.0211	0.008	0	0	0	0	0.11	0.092591	0.0772	0.0086	0	0.019705	0.295505	0.019705	0.37	0.144811	0.0544	0.013	0
gpa_ssDNA_30nt_2rep_gpc_seed10_model_3	4832	147	321	998	3366	1.5443761743407582	1.2458113241924076	1.9081276134376781	0.43462005815915866	0.188753092982993	0.2197869836925718	0.6461224541425838	0.09545227421184392	0.28060741646791104	5.965376123315672e-5	6.872553137460452e-5	gpa_ssDNA_30nt_2rep_gpc	10	3	gpa	30nt	30	ssDNA	2rep_gpc	+ 2Rep + C	A	A-ssDNA-2rep_gpc	A-ssDNA-2rep_gpc-s10-m3	A-C-DNA-Rep	0.34	0.42	0.37	0	0.03	10	0.78	0.13	NA	0.39	0.765	0.32	0.13	0.19	0.08	0.19	0.29	0.58	0.03	0.08	0.02	0.52	0.02	0.19	0.24	0.26	0.022457	0.277909	0.100482	0.58	0.153722	0.0725	0.0122	0.0292	0	0	0	0.08	0.073968	0.0245	0.0087	0	0.25544	0.654384	0.391628	0.52	0.414486	0.142	0.027	0.1964	0	0	0	0.02	0.016978	0	0	0	0	0	0	0.19	0.125241	0.0484	0.009	0	0.021878	0.318362	0.04195	0.26	0.146939	0.0521	0.013	0
gpa_ssDNA_30nt_2rep_gpc_seed10_model_4	4832	160	378	985	3309	1.4218530495578314	1.158585463405685	1.7393854967416171	0.351960985364403	0.1528547137889914	0.14719983291229685	0.5535318880575982	0.06392807517089119	0.2403958445409034	6.86680913943727e-4	7.629787932708078e-4	gpa_ssDNA_30nt_2rep_gpc	10	4	gpa	30nt	30	ssDNA	2rep_gpc	+ 2Rep + C	A	A-ssDNA-2rep_gpc	A-ssDNA-2rep_gpc-s10-m4	A-C-DNA-Rep	0.26	0.42	0.31	0	0.03	10	0.75	0.11	NA	0.37	0.78	0.26	0.14	0.16	0.07	0.16	0.22	0.55	0.01	0.1	0.01	0.26	0.02	0.12	0.33	0.13	0.01842	0.240791	0.01842	0.55	0.121175	0.0506	0.0103	0	0	0	0	0.1	0.079179	0.0272	0.0085	0	0	0	0	0.26	0.175512	0.136	0.0097	0	0	0	0	0.01	0.017526	0	0	0	0	0	0	0.12	0.09524	0.0999	0.0087	0	0.019723	0.29618	0.019723	0.13	0.167936	0.0814	0.0125	0
gpa_ssDNA_30nt_2rep_gpc_seed1_model_0	4832	358	452	787	3235	3.2547355480895304	2.7668459364077655	3.8278648626621607	1.1801110275334277	0.5125157072909441	1.0177080203272169	1.342307170632707	0.44198497741679277	0.5829565972249513	4.87912517403687e-46	1.604975386196339e-45	gpa_ssDNA_30nt_2rep_gpc	1	0	gpa	30nt	30	ssDNA	2rep_gpc	+ 2Rep + C	A	A-ssDNA-2rep_gpc	A-ssDNA-2rep_gpc-s1-m0	A-C-DNA-Rep	0.32	0.42	0.37	0	0.05	10	0.72	0.12	NA	0.45	0.765	0.38	0.14	0.24	0.1	0.18	0.33	0.78	0.04	0.18	0.02	0.46	0.03	0.17	0.2	0.24	0	0	0	0.78	0.160166	0.0745	0.0111	0	0	0	0	0.18	0.104029	0.042	0.0092	0	0.213828	0.704774	0.363842	0.46	0.364876	0.1126	0.0328	0.2267	0	0	0	0.02	0.01882	0	0	0	0	0	0	0.17	0.110887	0.0455	0.0091	0	0	0	0	0.24	0.131226	0	0	0
gpa_ssDNA_30nt_2rep_gpc_seed1_model_1	4832	192	375	953	3312	1.7790596720419982	1.4655108943758057	2.1551962792830626	0.5760849505843428	0.2501905151462876	0.3822039150380097	0.7678818002819111	0.16598905126282693	0.33348682861636886	4.611731010491739e-9	6.513744365101327e-9	gpa_ssDNA_30nt_2rep_gpc	1	1	gpa	30nt	30	ssDNA	2rep_gpc	+ 2Rep + C	A	A-ssDNA-2rep_gpc	A-ssDNA-2rep_gpc-s1-m1	A-C-DNA-Rep	0.32	0.42	0.36	0	0.04	10	0.71	0.11	NA	0.47	0.77	0.35	0.14	0.23	0.08	0.185	0.23	0.77	0.01	0.14	0.03	0.48	0.03	0.11	0.24	0.24	0	0	0	0.77	0.124869	0.0536	0.01	0	0	0	0	0.14	0.088742	0.097	0.0091	0	0.250225	0.703431	0.369749	0.48	0.382661	0.1574	0.0281	0.2727	0	0	0	0.03	0.018222	0	0	0	0	0	0	0.11	0.09092	0	0	0	0	0	0	0.24	0.130361	0.0763	0.0108	0
gpa_ssDNA_30nt_2rep_gpc_seed1_model_2	4832	181	339	964	3348	1.854156098194532	1.5177908423378852	2.259830433585256	0.6174296589578646	0.2681462938488073	0.41725588445905415	0.8152897810822944	0.18121192816222803	0.3540758530761507	1.4894808212359375e-9	2.127829744622768e-9	gpa_ssDNA_30nt_2rep_gpc	1	2	gpa	30nt	30	ssDNA	2rep_gpc	+ 2Rep + C	A	A-ssDNA-2rep_gpc	A-ssDNA-2rep_gpc-s1-m2	A-C-DNA-Rep	0.31	0.42	0.36	0	0.05	10	0.71	0.12	NA	0.43	0.78	0.32	0.13	0.22	0.08	0.185	0.21	0.73	0.02	0.08	0.01	0.46	0.02	0.15	0.32	0.23	0	0	0	0.73	0.119173	0.06	0.0101	0	0	0	0	0.08	0.071151	0	0	0	0.215892	0.700643	0.318582	0.46	0.360887	0.1457	0.0301	0.2411	0	0	0	0.01	0.01731	0	0	0	0	0	0	0.15	0.112983	0.0363	0.0088	0	0.023121	0.331124	0.024332	0.23	0.166798	0.0621	0.0132	0
gpa_ssDNA_30nt_2rep_gpc_seed1_model_3	4832	137	304	1008	3383	1.5123344572138016	1.2120239417380636	1.8801201742101017	0.4136544551567967	0.17964784728929292	0.19229164136131022	0.6313356972510867	0.08351119875933613	0.27418560954468896	2.0735652083690346e-4	2.34566200041746e-4	gpa_ssDNA_30nt_2rep_gpc	1	3	gpa	30nt	30	ssDNA	2rep_gpc	+ 2Rep + C	A	A-ssDNA-2rep_gpc	A-ssDNA-2rep_gpc-s1-m3	A-C-DNA-Rep	0.31	0.43	0.36	0	0.04	10	0.7	0.11	NA	0.44	0.78	0.33	0.13	0.22	0.09	0.19	0.19	0.74	0.01	0.14	0.02	0.44	0.03	0.15	0.33	0.22	0	0	0	0.74	0.113772	0.0433	0.0101	0	0	0	0	0.14	0.09042	0.0319	0.0089	0	0.201521	0.68208	0.279913	0.44	0.346426	0.1149	0.0231	0.2097	0	0	0	0.02	0.018105	0	0	0	0	0	0	0.15	0.103951	0.0927	0.009	0	0.022113	0.321097	0.075391	0.22	0.172463	0.0576	0.0139	0
gpa_ssDNA_30nt_2rep_gpc_seed1_model_4	4832	173	341	972	3346	1.7461549188975733	1.4259050886256437	2.133154231503965	0.5574161813722595	0.24208277169355447	0.3548067620110095	0.7576017441906673	0.15409061888334175	0.32902225698228577	6.44472553549599e-8	8.435504627612551e-8	gpa_ssDNA_30nt_2rep_gpc	1	4	gpa	30nt	30	ssDNA	2rep_gpc	+ 2Rep + C	A	A-ssDNA-2rep_gpc	A-ssDNA-2rep_gpc-s1-m4	A-C-DNA-Rep	0.3	0.42	0.35	0	0.05	10	0.7	0.11	NA	0.41	0.77	0.33	0.12	0.22	0.11	0.19	0.18	0.75	0.01	0.16	0.02	0.43	0.02	0.19	0.25	0.21	0	0	0	0.75	0.106961	0.0414	0.0096	0	0	0	0	0.16	0.095034	0.0368	0.0091	0	0.197791	0.688906	0.266147	0.43	0.338093	0.1218	0.0454	0.2151	0	0	0	0.02	0.017781	0	0	0	0	0	0	0.19	0.118037	0.0904	0.0092	0	0	0	0	0.21	0.135329	0.0617	0.0115	0
gpa_ssDNA_30nt_2rep_gpc_seed2_model_0	4832	108	202	1037	3485	1.7964830161428789	1.3942176722286985	2.305314855685011	0.585830873668067	0.2544231157626025	0.3323334495232505	0.8352172639465838	0.14433058327982057	0.36273024892233313	4.597387295851892e-6	5.52570588443737e-6	gpa_ssDNA_30nt_2rep_gpc	2	0	gpa	30nt	30	ssDNA	2rep_gpc	+ 2Rep + C	A	A-ssDNA-2rep_gpc	A-ssDNA-2rep_gpc-s2-m0	A-C-DNA-Rep	0.26	0.42	0.32	0	0.06	10	0.45	0.11	NA	0.4	0.78	0.17	0.12	0.13	0.08	0.19	0.13	0.08	0.03	0.17	0.01	0.32	0.02	0.11	0.29	0.44	0	0	0	0.08	0.087236	0.0315	0.0093	0	0	0	0	0.17	0.114181	0.0487	0.0086	0	0.202757	0.670607	0.252458	0.32	0.270033	0.3283	0.0165	0.2333	0	0	0	0.01	0.017911	0	0	0	0	0	0	0.11	0.092674	0.0522	0.0087	0	0.017934	0.276386	0.017934	0.44	0.156533	0.0694	0.0125	0
gpa_ssDNA_30nt_2rep_gpc_seed2_model_1	4832	148	293	997	3394	1.7192943716354172	1.3837651740059786	2.12963444508532	0.5419139576010218	0.23535024145247654	0.32480817083856417	0.7559503429669173	0.14106239627227712	0.32830506254340286	9.512116620390822e-7	1.1772421559889631e-6	gpa_ssDNA_30nt_2rep_gpc	2	1	gpa	30nt	30	ssDNA	2rep_gpc	+ 2Rep + C	A	A-ssDNA-2rep_gpc	A-ssDNA-2rep_gpc-s2-m1	A-C-DNA-Rep	0.26	0.43	0.31	0	0.05	10	0.45	0.11	NA	0.44	0.785	0.28	0.11	0.16	0.08	0.155	0.19	0.56	0.01	0.18	0.02	0.33	0.03	0.1	0.24	0.12	0	0	0	0.56	0.110132	0.0322	0.0093	0	0	0	0	0.18	0.119994	0.0674	0.009	0	0.262069	0.712295	0.302013	0.33	0.284779	0.1483	0.0178	0.3005	0	0	0	0.02	0.018375	0	0	0	0	0	0	0.1	0.090869	0.0183	0.0081	0	0	0	0	0.12	0.135528	0.0594	0.0109	0
gpa_ssDNA_30nt_2rep_gpc_seed2_model_2	4832	217	246	928	3441	3.269603373965508	2.6728838555366803	3.9986524896765263	1.18466868518736	0.5144950728604512	0.9831579852350879	1.385957426783023	0.4269800878267174	0.601913662604697	1.4812503627603692e-30	3.8980272704220244e-30	gpa_ssDNA_30nt_2rep_gpc	2	2	gpa	30nt	30	ssDNA	2rep_gpc	+ 2Rep + C	A	A-ssDNA-2rep_gpc	A-ssDNA-2rep_gpc-s2-m2	A-C-DNA-Rep	0.25	0.42	0.31	0	0.05	10	0.43	0.11	NA	0.43	0.76	0.27	0.09	0.17	0.08	0.14500000000000002	0.14	0.62	0.02	0.16	0.02	0.32	0.03	0.12	0.15	0.12	0	0	0	0.62	0.086337	0.0226	0.0084	0	0	0	0	0.16	0.111606	0.0332	0.0087	0	0.249423	0.716228	0.291681	0.32	0.276282	0.2113	0.0175	0.2842	0	0	0	0.02	0.018654	0.0187	0.0078	0	0	0	0	0.12	0.097037	0.0322	0.0088	0	0	0	0	0.12	0.101477	0.0258	0.0095	0
gpa_ssDNA_30nt_2rep_gpc_seed2_model_3	4832	58	174	1087	3513	1.0772684650277158	0.7798756815836537	1.470315251244918	0.07442863826058596	0.03232394689214573	-0.24862075458631291	0.3854768344273052	-0.10797462180345829	0.1674104620933121	0.6351789651930677	0.6428936894666677	gpa_ssDNA_30nt_2rep_gpc	2	3	gpa	30nt	30	ssDNA	2rep_gpc	+ 2Rep + C	A	A-ssDNA-2rep_gpc	A-ssDNA-2rep_gpc-s2-m3	A-C-DNA-Rep	0.25	0.41	0.31	0	0.05	10	0.42	0.1	NA	0.42	0.785	0.27	0.12	0.17	0.09	0.155	0.15	0.6	0.01	0.18	0.02	0.3	0.02	0.12	0.28	0.1	0	0	0	0.6	0.09639	0.0323	0.0102	0	0.004545	0.250877	0.004545	0.18	0.121384	0.0538	0.0087	0	0.193858	0.655362	0.234385	0.3	0.256615	0.1413	0.0131	0.1984	0	0	0	0.02	0.017625	0	0	0	0	0	0	0.12	0.095623	0	0	0	0.020867	0.308317	0.020867	0.1	0.157585	0.0599	0.0128	0
gpa_ssDNA_30nt_2rep_gpc_seed2_model_4	4832	0	21	1145	3666	0	0	0.6161747838821594	-Inf	-Inf	-Inf	-0.48422461562677704	-Inf	-0.21029607856843238	0.007429895102358667	0.008041012015539683	gpa_ssDNA_30nt_2rep_gpc	2	4	gpa	30nt	30	ssDNA	2rep_gpc	+ 2Rep + C	A	A-ssDNA-2rep_gpc	A-ssDNA-2rep_gpc-s2-m4	A-C-DNA-Rep	0.25	0.41	0.31	0	0.04	10	0.43	0.11	NA	0.43	0.78	0.26	0.1	0.16	0.08	0.15	0.1	0.57	0	0.19	0.02	0.31	0.02	0.1	0.26	0.11	0	0	0	0.57	0.077465	0.0184	0.0078	0	0.004669	0.256025	0.004669	0.19	0.126224	0.0645	0.0091	0	0.23902	0.706228	0.299018	0.31	0.271214	0.2237	0.0197	0.2688	0	0	0	0.02	0.016882	0	0	0	0	0	0	0.1	0.090437	0.0251	0.0086	0	0	0	0	0.11	0.145422	0.0919	0.0118	0
gpa_ssDNA_30nt_2rep_gpc_seed3_model_0	4832	166	293	979	3394	1.9638751456910821	1.5922998428169073	2.416690129939573	0.6749196364711386	0.2931138738475642	0.465179413165742	0.8823988890918552	0.20202485223287464	0.38322096837015224	2.3816691898993073e-10	3.5024546910283933e-10	gpa_ssDNA_30nt_2rep_gpc	3	0	gpa	30nt	30	ssDNA	2rep_gpc	+ 2Rep + C	A	A-ssDNA-2rep_gpc	A-ssDNA-2rep_gpc-s3-m0	A-C-DNA-Rep	0.35	0.44	0.39	0	0.04	10	0.76	0.15	NA	0.42	0.78	0.39	0.17	0.25	0.09	0.21000000000000002	0.38	0.75	0.07	0.1	0.02	0.55	0.02	0.2	0.27	0.3	0.085635	0.327149	0.247576	0.75	0.207294	0.0994	0.0166	0.0695	0	0	0	0.1	0.080692	0.0352	0.0088	0	0.313196	0.716615	0.510691	0.55	0.455856	0.1433	0.0297	0.2582	0	0	0	0.02	0.017109	0	0	0	0	0	0	0.2	0.130474	0.0573	0.0091	0	0.023121	0.331124	0.126436	0.3	0.168649	0.118	0.0158	0
gpa_ssDNA_30nt_2rep_gpc_seed3_model_1	4832	159	337	986	3350	1.6028335514214302	1.3015408508170105	1.9680848548786025	0.4717730325663942	0.20488842475434813	0.26354883244896526	0.6770609150169	0.1144578036446303	0.2940438193042062	7.644593842219891e-6	9.10070695502368e-6	gpa_ssDNA_30nt_2rep_gpc	3	1	gpa	30nt	30	ssDNA	2rep_gpc	+ 2Rep + C	A	A-ssDNA-2rep_gpc	A-ssDNA-2rep_gpc-s3-m1	A-C-DNA-Rep	0.35	0.44	0.39	0	0.04	10	0.76	0.15	NA	0.42	0.785	0.4	0.18	0.25	0.07	0.19999999999999998	0.4	0.75	0.07	0.11	0.02	0.55	0.03	0.12	0.31	0.31	0.139876	0.349582	0.269084	0.75	0.214851	0.1039	0.0184	0.0793	0	0	0	0.11	0.082181	0.0403	0.0085	0	0.312282	0.728013	0.512558	0.55	0.45603900000000003	0.1618	0.0297	0.2562	0	0	0	0.02	0.018058	0.0183	0.008	0	0	0	0	0.12	0.096128	0.0616	0.0089	0	0.019451	0.293242	0.019451	0.31	0.160986	0.0765	0.0128	0
gpa_ssDNA_30nt_2rep_gpc_seed3_model_2	4832	154	291	991	3396	1.8131814049069448	1.4628960509628068	2.241435225876946	0.5950829846309911	0.2584412564997571	0.38041806754020174	0.807116386527708	0.16521346754900817	0.3505261929226757	4.484774592754004e-8	5.995687958227279e-8	gpa_ssDNA_30nt_2rep_gpc	3	2	gpa	30nt	30	ssDNA	2rep_gpc	+ 2Rep + C	A	A-ssDNA-2rep_gpc	A-ssDNA-2rep_gpc-s3-m2	A-C-DNA-Rep	0.35	0.43	0.39	0	0.04	10	0.76	0.15	NA	0.43	0.78	0.4	0.23	0.25	0.09	0.23	0.42	0.76	0.08	0.09	0.02	0.55	0.02	0.19	0.35	0.3	0.160492	0.364613	0.29124100000000003	0.76	0.23284	0.0936	0.0213	0.0848	0	0	0	0.09	0.076285	0.0305	0.0083	0	0.315881	0.713254	0.511312	0.55	0.459071	0.1247	0.0581	0.2575	0	0	0	0.02	0.017777	0	0	0	0	0	0	0.19	0.126983	0.0252	0.0091	0	0.022778	0.327739	0.126596	0.3	0.17821	0.0735	0.015	0
gpa_ssDNA_30nt_2rep_gpc_seed3_model_3	4832	204	415	941	3272	1.7089986551998988	1.4162058689284662	2.0581738889785206	0.5359076172401652	0.23274172097732373	0.34798137236511245	0.7218191280010867	0.15112638982328908	0.31348206422308894	2.213904432820442e-8	2.9917627470546516e-8	gpa_ssDNA_30nt_2rep_gpc	3	3	gpa	30nt	30	ssDNA	2rep_gpc	+ 2Rep + C	A	A-ssDNA-2rep_gpc	A-ssDNA-2rep_gpc-s3-m3	A-C-DNA-Rep	0.35	0.43	0.39	0	0.04	10	0.76	0.11	NA	0.43	0.775	0.35	0.13	0.22	0.07	0.19	0.24	0.69	0.01	0.13	0.02	0.55	0.02	0.11	0.19	0.28	0.021948	0.273877	0.06634	0.69	0.151353	0.0536	0.0108	0.0083	0	0	0	0.13	0.090033	0.0652	0.0095	0	0.316134	0.717161	0.514181	0.55	0.453888	0.1536	0.0564	0.2649	0	0	0	0.02	0.017513	0	0	0	0	0	0	0.11	0.09167	0	0	0	0	0	0	0.28	0.129875	0.0451	0.0106	0
gpa_ssDNA_30nt_2rep_gpc_seed3_model_4	4832	183	318	962	3369	2.015057014972673	1.6473733767584673	2.4596433577141243	0.7006474902701406	0.3042873387836844	0.4991821266310809	0.9000163628951834	0.21679204306060873	0.39087214002801274	8.623114452092915e-12	1.3731073968300822e-11	gpa_ssDNA_30nt_2rep_gpc	3	4	gpa	30nt	30	ssDNA	2rep_gpc	+ 2Rep + C	A	A-ssDNA-2rep_gpc	A-ssDNA-2rep_gpc-s3-m4	A-C-DNA-Rep	0.34	0.43	0.38	0	0.04	10	0.75	0.14	NA	0.41	0.755	0.37	0.19	0.24	0.09	0.21500000000000002	0.37	0.72	0.07	0.09	0.01	0.53	0.02	0.21	0.37	0.27	0.089606	0.337821	0.243676	0.72	0.204254	0.093	0.0139	0.0789	0	0	0	0.09	0.075164	0.0183	0.0087	0	0.281121	0.691343	0.457078	0.53	0.429556	0.1687	0.0248	0.2292	0	0	0	0.01	0.017636	0.0183	0.0079	0	0	0	0	0.21	0.132492	0.0293	0.0091	0	0.022026	0.319262	0.132574	0.27	0.192473	0.131	0.0147	0.0083
gpa_ssDNA_30nt_2rep_gpc_seed4_model_0	4832	191	337	954	3350	1.989939864012494	1.633687516462006	2.4190735624391437	0.6881044191905961	0.298839952227718	0.49083973975407236	0.8833846414338594	0.2131689904740218	0.3836490751728079	8.182430679892695e-12	1.3112869679315217e-11	gpa_ssDNA_30nt_2rep_gpc	4	0	gpa	30nt	30	ssDNA	2rep_gpc	+ 2Rep + C	A	A-ssDNA-2rep_gpc	A-ssDNA-2rep_gpc-s4-m0	A-C-DNA-Rep	0.31	0.4	0.35	0	0.04	10	0.73	0.13	NA	0.45	0.73	0.23	0.15	0.13	0.09	0.21000000000000002	0.3	0.08	0	0.19	0.01	0.45	0.03	0.11	0.23	0.49	0.021316	0.26876100000000003	0.053152	0.08	0.165948	0.0414	0.0112	0	0	0	0	0.19	0.104831	0.1011	0.0097	0	0.210691	0.664006	0.259631	0.45	0.356678	0.173	0.0211	0.2211	0	0	0	0.01	0.018736	0	0	0	0	0	0	0.11	0.096056	0	0	0	0	0	0	0.49	0.131223	0.0911	0.0119	0
gpa_ssDNA_30nt_2rep_gpc_seed4_model_1	4832	142	255	1003	3432	1.9052333038502007	1.5220573322817923	2.3779049770827885	0.6446044702926262	0.2799481644582562	0.42006292777194704	0.8662198382955957	0.18243101158348082	0.3761944958869043	1.617614020438728e-8	2.2098552191785902e-8	gpa_ssDNA_30nt_2rep_gpc	4	1	gpa	30nt	30	ssDNA	2rep_gpc	+ 2Rep + C	A	A-ssDNA-2rep_gpc	A-ssDNA-2rep_gpc-s4-m1	A-C-DNA-Rep	0.3	0.41	0.35	0	0.05	10	0.73	0.14	NA	0.41	0.745	0.21	0.17	0.12	0.08	0.21000000000000002	0.29	0.07	0.03	0.13	0.01	0.43	0.03	0.14	0.29	0.43	0.019959	0.25585	0.046864	0.07	0.158843	0.0515	0.0114	0	0	0	0	0.13	0.085491	0.0434	0.0086	0	0.167752	0.634297	0.21702	0.43	0.331754	0.0997	0.0294	0.1682	0	0	0	0.01	0.017945	0	0	0	0	0	0	0.14	0.103713	0.0508	0.009	0	0.02436	0.340695	0.167221	0.43	0.160015	0.1006	0.0135	0.0275
gpa_ssDNA_30nt_2rep_gpc_seed4_model_2	4832	86	259	1059	3428	1.0748304937388464	0.8240278039102288	1.3911793351071782	0.0721629689038561	0.03133997919270066	-0.19355100703243344	0.3301518299418483	-0.08405813432100333	0.1433831179340055	0.5991507252148173	0.6088930134296924	gpa_ssDNA_30nt_2rep_gpc	4	2	gpa	30nt	30	ssDNA	2rep_gpc	+ 2Rep + C	A	A-ssDNA-2rep_gpc	A-ssDNA-2rep_gpc-s4-m2	A-C-DNA-Rep	0.3	0.41	0.35	0	0.04	10	0.73	0.13	NA	0.43	0.74	0.32	0.13	0.2	0.1	0.185	0.21	0.66	0.02	0.13	0.02	0.43	0.03	0.17	0.26	0.2	0	0	0	0.66	0.12075	0.0399	0.011	0	0	0	0	0.13	0.086437	0.0431	0.0087	0	0.179085	0.651924	0.226487	0.43	0.335592	0.1232	0.0496	0.1788	0	0	0	0.02	0.018285	0	0	0	0	0	0	0.17	0.113999	0.0937	0.0091	0	0.024553	0.343374	0.160986	0.2	0.160714	0.0507	0.0128	0.0167
gpa_ssDNA_30nt_2rep_gpc_seed4_model_3	4832	195	358	950	3329	1.9084994238032649	1.5713447081841743	2.3132754268299927	0.6463172912923157	0.2806920331669094	0.4519317547997987	0.8386644539076208	0.19627146730640602	0.3642273445004838	6.640317955475115e-11	1.0061087811325932e-10	gpa_ssDNA_30nt_2rep_gpc	4	3	gpa	30nt	30	ssDNA	2rep_gpc	+ 2Rep + C	A	A-ssDNA-2rep_gpc	A-ssDNA-2rep_gpc-s4-m3	A-C-DNA-Rep	0.3	0.41	0.35	0	0.04	10	0.72	0.13	NA	0.42	0.725	0.33	0.14	0.21	0.08	0.175	0.29	0.7	0.03	0.08	0.01	0.44	0.02	0.16	0.22	0.21	0.021826	0.273485	0.053567	0.7	0.156689	0.1008	0.0129	0	0	0	0	0.08	0.073013	0.0401	0.0086	0	0.180171	0.659901	0.243819	0.44	0.335235	0.1191	0.024	0.1794	0	0	0	0.01	0.017513	0	0	0	0	0	0	0.16	0.113124	0.021	0.0087	0	0.023473	0.334554	0.057481	0.21	0.142937	0.0484	0.0139	0
gpa_ssDNA_30nt_2rep_gpc_seed4_model_4	4832	158	428	987	3259	1.2189196037849925	0.9953380782541836	1.4874117653429781	0.19796489572776974	0.08597506182512303	-0.004672822394841371	0.39703753926181495	-0.0020293809809935454	0.17243121240985193	0.0490129544774049	0.05148419587962699	gpa_ssDNA_30nt_2rep_gpc	4	4	gpa	30nt	30	ssDNA	2rep_gpc	+ 2Rep + C	A	A-ssDNA-2rep_gpc	A-ssDNA-2rep_gpc-s4-m4	A-C-DNA-Rep	0.3	0.41	0.34	0	0.04	10	0.72	0.12	NA	0.42	0.74	0.33	0.14	0.2	0.09	0.18	0.25	0.69	0.02	0.12	0.02	0.44	0.02	0.2	0.3	0.2	0.017698	0.233433	0.017698	0.69	0.139097	0.0647	0.011	0	0	0	0	0.12	0.085712	0.0433	0.0089	0	0.207511	0.674166	0.270953	0.44	0.346866	0.1347	0.0265	0.2258	0	0	0	0.02	0.017201	0	0	0	0	0	0	0.2	0.125781	0.0458	0.0092	0	0.022595	0.325645	0.110568	0.2	0.161593	0.1335	0.0128	0
gpa_ssDNA_30nt_2rep_gpc_seed5_model_0	4832	146	286	999	3401	1.7376555716109938	1.396161286117687	2.156098092162008	0.552536832066395	0.23996369721473912	0.33372653213484527	0.7683001493039917	0.14493559137087156	0.3336685152881681	5.713607061390963e-7	7.177898318330356e-7	gpa_ssDNA_30nt_2rep_gpc	5	0	gpa	30nt	30	ssDNA	2rep_gpc	+ 2Rep + C	A	A-ssDNA-2rep_gpc	A-ssDNA-2rep_gpc-s5-m0	A-C-DNA-Rep	0.28	0.42	0.33	0	0.05	10	0.55	0.12	NA	0.44	0.76	0.23	0.13	0.11	0.11	0.175	0.26	0.19	0	0.2	0.02	0.36	0.03	0.16	0.23	0.25	0	0	0	0.19	0.139555	0.0431	0.01	0	0.005076	0.272336	0.005076	0.2	0.132368	0.0484	0.0089	0	0.130378	0.549461	0.202333	0.36	0.240337	0.2452	0.0153	0.091	0	0	0	0.02	0.02045	0.0187	0.0081	0	0	0	0	0.16	0.114883	0.0226	0.0092	0	0	0	0	0.25	0.13265	0.0688	0.0117	0
gpa_ssDNA_30nt_2rep_gpc_seed5_model_1	4832	68	155	1077	3532	1.4386215811805623	1.0565768196358394	1.9421692339756715	0.36368541985435016	0.15794657099141163	0.05503426687013298	0.6638055102410296	0.0239010784172897	0.28828707015465166	0.019068934431106035	0.02046023007629403	gpa_ssDNA_30nt_2rep_gpc	5	1	gpa	30nt	30	ssDNA	2rep_gpc	+ 2Rep + C	A	A-ssDNA-2rep_gpc	A-ssDNA-2rep_gpc-s5-m1	A-C-DNA-Rep	0.26	0.42	0.32	0	0.05	10	0.56	0.11	NA	0.43	0.77	0.27	0.1	0.17	0.08	0.145	0.15	0.6	0.01	0.14	0.01	0.31	0.03	0.12	0.23	0.12	0	0	0	0.6	0.092695	0.0344	0.0094	0	0	0	0	0.14	0.099916	0.0319	0.0087	0	0.125347	0.520545	0.163469	0.31	0.243556	0.4014	0.0116	0.0913	0	0	0	0.01	0.018376	0	0	0	0	0	0	0.12	0.096521	0.0822	0.0087	0	0.01842	0.281861	0.01842	0.12	0.140242	0.065	0.012	0
gpa_ssDNA_30nt_2rep_gpc_seed5_model_2	4832	129	415	1016	3272	1.001070160120637	0.8050564460234061	1.2387048640254152	0.0010695879074985985	4.645161261370871e-4	-0.21684288473808147	0.21406636928816933	-0.09417366828173164	0.09296784294291567	0.9999999999999998	1	gpa_ssDNA_30nt_2rep_gpc	5	2	gpa	30nt	30	ssDNA	2rep_gpc	+ 2Rep + C	A	A-ssDNA-2rep_gpc	A-ssDNA-2rep_gpc-s5-m2	A-C-DNA-Rep	0.25	0.42	0.31	0	0.04	10	0.56	0.13	NA	0.47	0.765	0.29	0.12	0.17	0.1	0.15	0.24	0.6	0.02	0.18	0.02	0.29	0.03	0.16	0.23	0.11	0	0	0	0.6	0.129973	0.0352	0.0095	0	0.005079	0.272413	0.005079	0.18	0.126886	0.0395	0.0088	0	0.12572	0.575726	0.176604	0.29	0.234724	0.1641	0.015	0.1063	0	0	0	0.02	0.019777	0.0189	0.0077	0	0	0	0	0.16	0.113655	0.0574	0.0092	0	0	0	0	0.11	0.133339	0.0611	0.0117	0
gpa_ssDNA_30nt_2rep_gpc_seed5_model_3	4832	117	274	1028	3413	1.417570276576156	1.1190551793189938	1.7873096825326817	0.34894433322233337	0.15154459840986892	0.11248473939105463	0.5807115186071655	0.048851501615860375	0.25219980810874953	0.003482144286061071	0.0038181406645406485	gpa_ssDNA_30nt_2rep_gpc	5	3	gpa	30nt	30	ssDNA	2rep_gpc	+ 2Rep + C	A	A-ssDNA-2rep_gpc	A-ssDNA-2rep_gpc-s5-m3	A-C-DNA-Rep	0.25	0.41	0.3	0	0.03	10	0.54	0.12	NA	0.46	0.76	0.27	0.14	0.16	0.09	0.15000000000000002	0.24	0.6	0.01	0.15	0.02	0.22	0.03	0.12	0.31	0.09	0.01867	0.243313	0.01867	0.6	0.134951	0.0452	0.0107	0	0	0	0	0.15	0.100864	0.0314	0.0088	0	0	0	0	0.22	0.155482	0.0722	0.0092	0	0	0	0	0.02	0.018737	0.0187	0.008	0	0	0	0	0.12	0.099126	0.029	0.0085	0	0.021169	0.311451	0.021169	0.09	0.16187000000000001	0.0954	0.0122	0
gpa_ssDNA_30nt_2rep_gpc_seed5_model_4	4832	219	371	926	3316	2.1134922091827475	1.752550801200085	2.54497638439462	0.7483416548020381	0.3250006512588733	0.5610723273524515	0.9341213707431745	0.24367061571778464	0.40568375674166235	5.0487194272820245e-15	1.0261624852199238e-14	gpa_ssDNA_30nt_2rep_gpc	5	4	gpa	30nt	30	ssDNA	2rep_gpc	+ 2Rep + C	A	A-ssDNA-2rep_gpc	A-ssDNA-2rep_gpc-s5-m4	A-C-DNA-Rep	0.24	0.4	0.29	0	0.04	10	0.57	0.13	NA	0.45	0.76	0.27	0.14	0.16	0.09	0.135	0.29	0.57	0.02	0.2	0.02	0.14	0.04	0.1	0.26	0.11	0.019867	0.255151	0.019867	0.57	0.151844	0.0451	0.0101	0	0.005566	0.289418	0.005566	0.2	0.132021	0.0573	0.0089	0	0	0	0	0.14	0.124452	0.226	0.0091	0	0	0	0	0.02	0.020856	0.0201	0.0085	0	0	0	0	0.1	0.091402	0	0	0	0.021982	0.319427	0.048967	0.11	0.149267	0.1307	0.0131	0
gpa_ssDNA_30nt_2rep_gpc_seed6_model_0	4832	90	142	1055	3545	2.1293436281862204	1.6018331332837188	2.8191267907930366	0.7558137764504674	0.3282457524588959	0.47114868172517615	1.036427188344027	0.20461727262923546	0.4501146087923132	1.349268848361495e-7	1.7568604796373631e-7	gpa_ssDNA_30nt_2rep_gpc	6	0	gpa	30nt	30	ssDNA	2rep_gpc	+ 2Rep + C	A	A-ssDNA-2rep_gpc	A-ssDNA-2rep_gpc-s6-m0	A-C-DNA-Rep	0.27	0.42	0.32	0	0.04	10	0.53	0.15	NA	0.37	0.755	0.35	0.18	0.22	0.09	0.15500000000000003	0.35	0.77	0.1	0.18	0.01	0.28	0.03	0.13	0.2	0.13	0.2015	0.417623	0.253032	0.77	0.21572	0.0335	0.0151	0.1187	0.004545	0.250877	0.004545	0.18	0.117339	0.0299	0.0095	0	0.096301	0.481121	0.119437	0.28	0.217114	0.3293	0.0107	0.0702	0	0	0	0.01	0.019183	0	0	0	0	0	0	0.13	0.100691	0.0289	0.0085	0	0	0	0	0.13	0.122935	0.0516	0.0108	0
gpa_ssDNA_30nt_2rep_gpc_seed6_model_1	4832	127	245	1018	3442	1.7524076005057028	1.3870960216609551	2.2060844080621136	0.5609906141461594	0.24363512812319335	0.32721236868477155	0.7912191830467704	0.14210652613028868	0.34362212517321133	2.3151600331160664e-6	2.837205922936356e-6	gpa_ssDNA_30nt_2rep_gpc	6	1	gpa	30nt	30	ssDNA	2rep_gpc	+ 2Rep + C	A	A-ssDNA-2rep_gpc	A-ssDNA-2rep_gpc-s6-m1	A-C-DNA-Rep	0.26	0.41	0.31	0	0.05	10	0.52	0.14	NA	0.37	0.76	0.34	0.16	0.21	0.08	0.165	0.3	0.74	0.08	0.16	0.01	0.27	0.03	0.11	0.3	0.1	0.119737	0.366389	0.185348	0.74	0.192001	0.0449	0.0168	0.0948	0	0	0	0.16	0.110448	0.0313	0.0086	0	0.08793	0.461498	0.107421	0.27	0.21192	0.1881	0.0106	0.0655	0	0	0	0.01	0.018126	0	0	0	0	0	0	0.11	0.0932	0.0205	0.0084	0	0.023121	0.331124	0.023121	0.1	0.160398	0.102	0.0129	0
gpa_ssDNA_30nt_2rep_gpc_seed6_model_2	4832	89	145	1056	3542	2.058458993604863	1.5485377284662816	2.724267164759803	0.7219576415071147	0.313542219874426	0.4373110846588705	1.0021994615835774	0.18992179094247325	0.43524969593215773	5.249611613953447e-7	6.628297492365463e-7	gpa_ssDNA_30nt_2rep_gpc	6	2	gpa	30nt	30	ssDNA	2rep_gpc	+ 2Rep + C	A	A-ssDNA-2rep_gpc	A-ssDNA-2rep_gpc-s6-m2	A-C-DNA-Rep	0.25	0.42	0.31	0	0.06	10	0.5	0.14	NA	0.34	0.78	0.2	0.14	0.09	0.09	0.16	0.29	0.12	0.01	0.17	0.02	0.27	0.03	0.11	0.24	0.22	0.084438	0.33657	0.137812	0.12	0.169024	0.0311	0.014	0.0841	0	0	0	0.17	0.112322	0.0313	0.0088	0	0.082879	0.461689	0.103491	0.27	0.209835	0.2615	0.0109	0.0523	0	0	0	0.02	0.019666	0.019	0.0079	0	0	0	0	0.11	0.092057	0.0476	0.0085	0	0	0	0	0.22	0.135043	0.0873	0.011	0
gpa_ssDNA_30nt_2rep_gpc_seed6_model_3	4832	157	387	988	3300	1.354929263630962	1.103355524069807	1.6583528056864372	0.3037492490066003	0.1319166227258233	0.09835601296858534	0.5058248239959829	0.042715473694261284	0.21967692987113893	0.0032141096912516997	0.0035397683824357922	gpa_ssDNA_30nt_2rep_gpc	6	3	gpa	30nt	30	ssDNA	2rep_gpc	+ 2Rep + C	A	A-ssDNA-2rep_gpc	A-ssDNA-2rep_gpc-s6-m3	A-C-DNA-Rep	0.25	0.41	0.31	0	0.04	10	0.54	0.14	NA	0.37	0.775	0.34	0.18	0.21	0.09	0.155	0.34	0.73	0.09	0.18	0.01	0.29	0.03	0.13	0.27	0.13	0.142469	0.345381	0.169676	0.73	0.192632	0.0616	0.0131	0.0988	0.004866	0.264014	0.004866	0.18	0.117212	0.0366	0.0088	0	0.067436	0.425293	0.085827	0.29	0.210424	0.1637	0.0109	0.0478	0	0	0	0.01	0.018942	0	0	0	0	0	0	0.13	0.097404	0.0458	0.0088	0	0.020283	0.30217	0.020283	0.13	0.143636	0.0643	0.0121	0
gpa_ssDNA_30nt_2rep_gpc_seed6_model_4	4832	163	232	982	3455	2.4713810117258994	1.9849572203893104	3.0718387389143476	0.9047771084529257	0.3929397055534857	0.6855973624657646	1.12227632006459	0.2977511513263052	0.4873984129747391	5.77228904419135e-16	1.3118838736798523e-15	gpa_ssDNA_30nt_2rep_gpc	6	4	gpa	30nt	30	ssDNA	2rep_gpc	+ 2Rep + C	A	A-ssDNA-2rep_gpc	A-ssDNA-2rep_gpc-s6-m4	A-C-DNA-Rep	0.25	0.42	0.3	0	0.04	10	0.51	0.14	NA	0.38	0.78	0.31	0.16	0.21	0.08	0.135	0.34	0.75	0.11	0.17	0.01	0.16	0.03	0.1	0.21	0.09	0.177989	0.372919	0.195464	0.75	0.204042	0.0342	0.0133	0.1115	0	0	0	0.17	0.112076	0.0344	0.0089	0	0	0	0	0.16	0.134092	0.095	0.0091	0	0	0	0	0.01	0.01952	0	0	0	0	0	0	0.1	0.088498	0.0386	0.0084	0	0	0	0	0.09	0.124919	0.0514	0.0107	0
gpa_ssDNA_30nt_2rep_gpc_seed7_model_0	4832	172	276	973	3411	2.184287432732919	1.7712277259445153	2.688293617644396	0.7812896576172275	0.3393097870712428	0.5716729366124284	0.9889066494500518	0.2482744018242051	0.4294767009735909	2.6176244891171475e-13	4.847452757624347e-13	gpa_ssDNA_30nt_2rep_gpc	7	0	gpa	30nt	30	ssDNA	2rep_gpc	+ 2Rep + C	A	A-ssDNA-2rep_gpc	A-ssDNA-2rep_gpc-s7-m0	A-C-DNA-Rep	0.29	0.41	0.34	0	0.04	10	0.69	0.12	NA	0.48	0.765	0.34	0.16	0.21	0.11	0.185	0.26	0.66	0.02	0.24	0.07	0.42	0.03	0.12	0.3	0.2	0.017934	0.235851	0.017934	0.66	0.141605	0.0424	0.0103	0	0	0	0	0.24	0.120614	0.1073	0.0107	0	0.15891	0.641465	0.2174	0.42	0.317146	0.1162	0.0181	0.1704	0	0	0	0.07	0.018833	0	0	0	0	0	0	0.12	0.097242	0	0	0	0.019451	0.293242	0.019451	0.2	0.155716	0.0611	0.0126	0
gpa_ssDNA_30nt_2rep_gpc_seed7_model_1	4832	177	426	968	3261	1.399609242570859	1.1511131570227457	1.6969926719544917	0.33619308521269736	0.1460068017619042	0.1407294368299003	0.5288576680073453	0.06111801785657795	0.22967996692781198	5.996517936249733e-4	6.692542339564435e-4	gpa_ssDNA_30nt_2rep_gpc	7	1	gpa	30nt	30	ssDNA	2rep_gpc	+ 2Rep + C	A	A-ssDNA-2rep_gpc	A-ssDNA-2rep_gpc-s7-m1	A-C-DNA-Rep	0.29	0.41	0.34	0	0.05	10	0.7	0.12	NA	0.46	0.76	0.32	0.12	0.21	0.08	0.16499999999999998	0.24	0.7	0.02	0.12	0.03	0.41	0.03	0.11	0.19	0.2	0	0	0	0.7	0.128824	0.0657	0.0111	0	0	0	0	0.12	0.083954	0.0774	0.0094	0	0.153535	0.61751	0.19131	0.41	0.316545	0.1887	0.0182	0.1584	0	0	0	0.03	0.018007	0	0	0	0	0	0	0.11	0.092585	0.0325	0.0088	0	0	0	0	0.2	0.123905	0	0	0
gpa_ssDNA_30nt_2rep_gpc_seed7_model_2	4832	324	566	821	3121	2.175710780216847	1.8535364760560706	2.55182627039402	0.7773554066566266	0.3376011635886313	0.6170954229704838	0.9368092873008644	0.2680011370038343	0.4068511040704835	1.900908103794171e-21	4.613854620859638e-21	gpa_ssDNA_30nt_2rep_gpc	7	2	gpa	30nt	30	ssDNA	2rep_gpc	+ 2Rep + C	A	A-ssDNA-2rep_gpc	A-ssDNA-2rep_gpc-s7-m2	A-C-DNA-Rep	0.28	0.44	0.33	0	0.04	10	0.63	0.13	NA	0.45	0.765	0.37	0.19	0.23	0.09	0.20500000000000002	0.36	0.7	0.03	0.16	0.03	0.35	0.03	0.13	0.36	0.24	0.020572	0.261992	0.072491	0.7	0.181989	0.0636	0.0106	0	0	0	0	0.16	0.102424	0.1182	0.0095	0	0.139104	0.610033	0.18746	0.35	0.268593	0.1735	0.0142	0.1395	0	0	0	0.03	0.019086	0	0	0	0	0	0	0.13	0.101326	0.0313	0.0087	0	0.023121	0.331124	0.067518	0.24	0.188136	0.0803	0.0139	0
gpa_ssDNA_30nt_2rep_gpc_seed7_model_3	4832	422	508	723	3179	3.651395911674561	3.1262860699589923	4.264645200044208	1.2951095360369431	0.5624589249611252	1.139845740914901	1.4503589887480293	0.49502871550026517	0.6298829055920496	1.4796390200493759e-60	1.1209386515525576e-59	gpa_ssDNA_30nt_2rep_gpc	7	3	gpa	30nt	30	ssDNA	2rep_gpc	+ 2Rep + C	A	A-ssDNA-2rep_gpc	A-ssDNA-2rep_gpc-s7-m3	A-C-DNA-Rep	0.29	0.4	0.33	0	0.05	10	0.69	0.12	NA	0.44	0.755	0.36	0.14	0.21	0.11	0.16	0.35	0.68	0.03	0.23	0.06	0.39	0.04	0.13	0.19	0.17	0	0	0	0.68	0.162269	0.0725	0.0106	0	0	0	0	0.23	0.119616	0.0878	0.0104	0	0.136835	0.594093	0.172155	0.39	0.296744	0.152	0.0138	0.1168	0	0	0	0.06	0.019613	0	0	0	0	0	0	0.13	0.097006	0.0537	0.0088	0	0	0	0	0.17	0.125454	0	0	0
gpa_ssDNA_30nt_2rep_gpc_seed7_model_4	4832	177	402	968	3285	1.4940603255259395	1.2271166972828385	1.8141899906733028	0.40149746442685325	0.17436813329872952	0.20466726901628765	0.5956390819711083	0.08888586555998211	0.258682766505971	5.788877373536714e-5	6.70008955270453e-5	gpa_ssDNA_30nt_2rep_gpc	7	4	gpa	30nt	30	ssDNA	2rep_gpc	+ 2Rep + C	A	A-ssDNA-2rep_gpc	A-ssDNA-2rep_gpc-s7-m4	A-C-DNA-Rep	0.22	0.41	0.28	0	0.04	10	0.65	0.11	NA	0.46	0.76	0.25	0.12	0.18	0.07	0.13	0.22	0.67	0.02	0.08	0.02	0.16	0.02	0.11	0.25	0.1	0	0	0	0.67	0.119262	0.0598	0.0103	0	0	0	0	0.08	0.072675	0.0198	0.0084	0	0	0	0	0.16	0.134081	0.1252	0.0088	0	0	0	0	0.02	0.017436	0	0	0	0	0	0	0.11	0.091238	0.0861	0.0089	0	0.021791	0.31784	0.026646	0.1	0.158703	0.0646	0.0121	0
gpa_ssDNA_30nt_2rep_gpc_seed8_model_0	4832	149	245	996	3442	2.101362329111374	1.681801261918217	2.6192559818516856	0.7425858625445066	0.32250094244244587	0.5198653987542414	0.9628903010515881	0.2257746740114007	0.41817794442486567	5.547141968239502e-11	8.456009097926069e-11	gpa_ssDNA_30nt_2rep_gpc	8	0	gpa	30nt	30	ssDNA	2rep_gpc	+ 2Rep + C	A	A-ssDNA-2rep_gpc	A-ssDNA-2rep_gpc-s8-m0	A-C-DNA-Rep	0.26	0.42	0.32	0	0.04	10	0.54	0.12	NA	0.41	0.78	0.32	0.14	0.18	0.11	0.175	0.22	0.66	0.02	0.19	0.02	0.31	0.03	0.15	0.33	0.12	0	0	0	0.66	0.121218	0.0312	0.0095	0	0.005224	0.278076	0.005224	0.19	0.130574	0.0337	0.0088	0	0.206409	0.682793	0.263917	0.31	0.265934	0.1375	0.023	0.2285	0	0	0	0.02	0.019455	0.0183	0.008	0	0	0	0	0.15	0.10859	0.0514	0.0092	0	0.021791	0.31784	0.021791	0.12	0.173745	0.1064	0.0128	0
gpa_ssDNA_30nt_2rep_gpc_seed8_model_1	4832	3	3	1142	3684	3.2249353708894204	0.4313594275544078	24.1110477931638	1.1709129100126434	0.5085210156077699	-0.8408135977706995	3.1826701501108112	-0.3651607058210351	1.3822160839113196	0.1492306283574929	0.15480355638744078	gpa_ssDNA_30nt_2rep_gpc	8	1	gpa	30nt	30	ssDNA	2rep_gpc	+ 2Rep + C	A	A-ssDNA-2rep_gpc	A-ssDNA-2rep_gpc-s8-m1	A-C-DNA-Rep	0.25	0.42	0.3	0	0.04	10	0.53	0.12	NA	0.45	0.775	0.3	0.11	0.18	0.12	0.16	0.1	0.71	0	0.25	0.02	0.31	0.03	0.15	0.33	0.11	0	0	0	0.71	0.079002	0	0	0	0.005999	0.302931	0.025778	0.25	0.15828	0.027	0.0097	0.0278	0.209458	0.681418	0.257494	0.31	0.265569	0.0939	0.0269	0.2132	0	0	0	0.02	0.019464	0.0185	0.0083	0	0	0	0	0.15	0.10869	0.0728	0.0088	0	0.0242	0.341546	0.124469	0.11	0.185359	0.1235	0.0152	0
gpa_ssDNA_30nt_2rep_gpc_seed8_model_2	4832	55	31	1090	3656	5.948048765380548	3.7412127353698215	9.611652546613639	1.7830632271824152	0.7743745204499273	1.3194098196593413	2.2629761693446384	0.5730124040470165	0.9827980630249351	1.29557433624345e-15	2.7921860694901943e-15	gpa_ssDNA_30nt_2rep_gpc	8	2	gpa	30nt	30	ssDNA	2rep_gpc	+ 2Rep + C	A	A-ssDNA-2rep_gpc	A-ssDNA-2rep_gpc-s8-m2	A-C-DNA-Rep	0.25	0.42	0.3	0	0.03	10	0.53	0.11	NA	0.43	0.775	0.26	0.11	0.12	0.11	0.155	0.15	0.4	0.01	0.26	0.02	0.31	0.03	0.13	0.29	0.1	0	0	0	0.4	0.09746	0.0215	0.0094	0	0.006126	0.30797	0.032386	0.26	0.162456	0.034	0.0096	0.0272	0.23372	0.704731	0.288137	0.31	0.270286	0.2209	0.0129	0.2497	0	0	0	0.02	0.019701	0.0183	0.0077	0	0	0	0	0.13	0.098511	0.0369	0.0086	0	0.020177	0.300896	0.026385	0.1	0.162846	0.0729	0.0143	0
gpa_ssDNA_30nt_2rep_gpc_seed8_model_3	4832	104	210	1041	3477	1.6539304694550228	1.2814306777919648	2.1246613538738792	0.5031545579035103	0.21851724804196473	0.24797717077588594	0.7536124267938863	0.10769511690594759	0.32728971845030314	8.628437250759449e-5	9.849814213195718e-5	gpa_ssDNA_30nt_2rep_gpc	8	3	gpa	30nt	30	ssDNA	2rep_gpc	+ 2Rep + C	A	A-ssDNA-2rep_gpc	A-ssDNA-2rep_gpc-s8-m3	A-C-DNA-Rep	0.24	0.41	0.29	0	0.04	10	0.54	0.13	NA	0.46	0.765	0.32	0.14	0.18	0.1	0.145	0.25	0.66	0.04	0.27	0.02	0.28	0.03	0.12	0.26	0.1	0.018925	0.24587	0.018925	0.66	0.134649	0.0412	0.0102	0	0.005797	0.297983	0.022017	0.27	0.164716	0.0452	0.0089	0.0135	0.117681	0.549756	0.147473	0.28	0.227168	0.2378	0.0104	0.1298	0	0	0	0.02	0.018564	0	0	0	0	0	0	0.12	0.096106	0	0	0	0.02	0.299156	0.02	0.1	0.141379	0.1184	0.0116	0
gpa_ssDNA_30nt_2rep_gpc_seed8_model_4	4832	110	190	1035	3497	1.955880788453662	1.5163300043887846	2.513312076014093	0.6708406231569739	0.2913423808736126	0.4162929445263503	0.921601435496661	0.18079372866305046	0.4002464179503155	1.7559695553399123e-7	2.2512430196665544e-7	gpa_ssDNA_30nt_2rep_gpc	8	4	gpa	30nt	30	ssDNA	2rep_gpc	+ 2Rep + C	A	A-ssDNA-2rep_gpc	A-ssDNA-2rep_gpc-s8-m4	A-C-DNA-Rep	0.22	0.42	0.29	0	0.05	10	0.53	0.13	NA	0.45	0.76	0.3	0.13	0.19	0.11	0.155	0.21	0.68	0.03	0.2	0.01	0.22	0.03	0.2	0.26	0.12	0	0	0	0.68	0.114973	0.04	0.0096	0	0.004884	0.264476	0.004884	0.2	0.133604	0.0336	0.0089	0	0.005513	0.412993	0.005513	0.22	0.164515	0.0886	0.0099	0	0	0	0	0.01	0.018245	0.0186	0.0078	0	0	0	0	0.2	0.118026	0.053900000000000003	0.0088	0	0.017934	0.276386	0.017934	0.12	0.150327	0.1022	0.0109	0
gpa_ssDNA_30nt_2rep_gpc_seed9_model_0	4832	141	143	1004	3544	3.479104511069732	2.70818577007598	4.4700029557607115	1.246774936267528	0.5414674749962659	0.9962789531683129	1.4973890698692658	0.4326784517973466	0.650307810306465	1.3119104611471422e-22	3.2154668165371136e-22	gpa_ssDNA_30nt_2rep_gpc	9	0	gpa	30nt	30	ssDNA	2rep_gpc	+ 2Rep + C	A	A-ssDNA-2rep_gpc	A-ssDNA-2rep_gpc-s9-m0	A-C-DNA-Rep	0.27	0.42	0.32	0	0.04	10	0.57	0.14	NA	0.43	0.77	0.31	0.15	0.17	0.11	0.16	0.25	0.56	0.03	0.25	0.02	0.34	0.03	0.14	0.31	0.14	0.01977	0.254076	0.01977	0.56	0.143335	0.0337	0.0107	0	0.005514	0.28832	0.009634	0.25	0.149902	0.046	0.0091	0	0.205942	0.672136	0.251531	0.34	0.280807	0.1019	0.0587	0.2204	0	0	0	0.02	0.020072	0	0	0	0	0	0	0.14	0.107971	0.0267	0.0086	0	0.020772	0.306503	0.043126	0.14	0.163565	0.0705	0.0133	0
gpa_ssDNA_30nt_2rep_gpc_seed9_model_1	4832	100	141	1045	3546	2.406079611782952	1.8258280972245557	3.1617035802953932	0.8779987058591578	0.38130999307282853	0.6020336360240564	1.1511109900208936	0.26145988604539844	0.49992115102426327	4.236389485817511e-10	6.121950124013744e-10	gpa_ssDNA_30nt_2rep_gpc	9	1	gpa	30nt	30	ssDNA	2rep_gpc	+ 2Rep + C	A	A-ssDNA-2rep_gpc	A-ssDNA-2rep_gpc-s9-m1	A-C-DNA-Rep	0.26	0.42	0.31	0	0.04	10	0.56	0.14	NA	0.45	0.755	0.32	0.14	0.17	0.11	0.16	0.27	0.59	0.04	0.24	0.02	0.33	0.03	0.13	0.26	0.13	0.021071	0.266103	0.030021	0.59	0.154761	0.0489	0.0121	0	0.005453	0.286217	0.011391	0.24	0.148939	0.0414	0.0095	0	0.214932	0.664981	0.252252	0.33	0.277911	0.1683	0.0309	0.2071	0	0	0	0.02	0.02011	0	0	0	0	0	0	0.13	0.101599	0.0272	0.0087	0	0.024769	0.346916	0.145968	0.13	0.161874	0.0678	0.0153	0.0111
gpa_ssDNA_30nt_2rep_gpc_seed9_model_2	4832	125	224	1020	3463	1.894395518375437	1.4926988678521915	2.395890120257907	0.6388997999823256	0.2774706576214153	0.4005858022004094	0.8737548195429801	0.17397220342442532	0.37946689666388783	1.3669921822071844e-7	1.7707152619264045e-7	gpa_ssDNA_30nt_2rep_gpc	9	2	gpa	30nt	30	ssDNA	2rep_gpc	+ 2Rep + C	A	A-ssDNA-2rep_gpc	A-ssDNA-2rep_gpc-s9-m2	A-C-DNA-Rep	0.26	0.41	0.31	0	0.04	10	0.55	0.14	NA	0.41	0.75	0.31	0.15	0.17	0.1	0.16	0.28	0.6	0.04	0.2	0.02	0.32	0.04	0.13	0.25	0.12	0.021958	0.274156	0.07921	0.6	0.163782	0.0397	0.0114	0.0042	0.005231	0.278255	0.005231	0.2	0.131189	0.0371	0.0091	0	0.188159	0.650502	0.226475	0.32	0.265794	0.0989	0.0189	0.1856	0	0	0	0.02	0.020913	0.0221	0.0083	0	0	0	0	0.13	0.099467	0.053900000000000003	0.0086	0	0.020383	0.303214	0.031739	0.12	0.149844	0.048	0.0123	0
gpa_ssDNA_30nt_2rep_gpc_seed9_model_3	4832	127	331	1018	3356	1.2648269294663579	1.0103767208614918	1.5762040011192768	0.23493529816840497	0.10203110359883343	0.010323252261307285	0.4550194253933178	0.00448333149238102	0.1976124256071063	0.03745935054287539	0.03968151540558834	gpa_ssDNA_30nt_2rep_gpc	9	3	gpa	30nt	30	ssDNA	2rep_gpc	+ 2Rep + C	A	A-ssDNA-2rep_gpc	A-ssDNA-2rep_gpc-s9-m3	A-C-DNA-Rep	0.25	0.41	0.3	0	0.04	10	0.55	0.12	NA	0.42	0.765	0.2	0.13	0.08	0.1	0.16	0.22	0.13	0.02	0.2	0.03	0.31	0.03	0.14	0.3	0.14	0.020572	0.261992	0.020572	0.13	0.12891	0.0313	0.0109	0	0.005005	0.269524	0.005005	0.2	0.119652	0.0431	0.0088	0	0.172533	0.620792	0.206247	0.31	0.254059	0.1156	0.0362	0.1572	0	0	0	0.03	0.020561	0.0195	0.0079	0	0	0	0	0.14	0.10638	0.0211	0.0086	0	0.020867	0.308317	0.02903	0.14	0.161362	0.0695	0.0117	0
gpa_ssDNA_30nt_2rep_gpc_seed9_model_4	4832	226	470	919	3217	1.683003834503559	1.4063080596745714	2.0105761180823145	0.520580193580143	0.22608510545998273	0.3409678729980087	0.6984213069132246	0.14808046574932393	0.3033205196360709	1.147210515353335e-8	1.5758386199908446e-8	gpa_ssDNA_30nt_2rep_gpc	9	4	gpa	30nt	30	ssDNA	2rep_gpc	+ 2Rep + C	A	A-ssDNA-2rep_gpc	A-ssDNA-2rep_gpc-s9-m4	A-C-DNA-Rep	0.25	0.41	0.3	0	0.03	10	0.56	0.12	NA	0.43	0.76	0.24	0.14	0.14	0.09	0.14500000000000002	0.2	0.49	0.01	0.23	0.02	0.15	0.03	0.1	0.31	0.1	0.018545	0.242052	0.018545	0.49	0.129306	0.0318	0.009	0	0.005369	0.283052	0.005369	0.23	0.144011	0.0405	0.0092	0	0	0	0	0.15	0.127937	0.0711	0.0091	0	0	0	0	0.02	0.018864	0	0	0	0	0	0	0.1	0.08789	0	0	0	0.022771	0.326347	0.035711	0.1	0.162597	0.0898	0.0132	0
gpa_ssDNA_30nt_2rep_seed10_model_0	4832	424	535	721	3152	3.4636028721241985	2.969460173343471	4.039874306588379	1.2423093398220806	0.5395280911016014	1.0883801764772776	1.396213579258464	0.47267750485696913	0.6063678530303395	9.591515440551405e-57	5.21278013073446e-56	gpa_ssDNA_30nt_2rep	10	0	gpa	30nt	30	ssDNA	2rep	+ 2Rep	A	A-ssDNA-2rep	A-ssDNA-2rep-s10-m0	A-ssDNA-2rep	0.3	0.41	0.33	0	0.02	10	0.71	0.15	NA	NA	0.725	0.44	0.21	0.29	NA	0.18	0.45	0.77	0.07	NA	NA	0.41	NA	NA	0.22	0.21	0.025646	0.30571	0.218314	0.77	0.23416	0.0857	0.0134	0.018	NA	NA	NA	NA	NA	NA	NA	NA	0.134571	0.573108	0.167263	0.41	0.309185	0.1364	0.0249	0.1372	NA	NA	NA	NA	NA	NA	NA	NA	NA	NA	NA	NA	NA	NA	NA	NA	0	0	0	0.21	0.139536	0	0	0
gpa_ssDNA_30nt_2rep_seed10_model_1	4832	385	459	760	3228	3.5614609359831264	3.0345802415141176	4.179261207998985	1.2701708359591943	0.5516281851315186	1.1100731090201594	1.430134486417665	0.4820986257566421	0.621099515830733	9.098957582176333e-55	4.212480362118673e-54	gpa_ssDNA_30nt_2rep	10	1	gpa	30nt	30	ssDNA	2rep	+ 2Rep	A	A-ssDNA-2rep	A-ssDNA-2rep-s10-m1	A-ssDNA-2rep	0.28	0.42	0.33	0	0.04	10	0.69	0.14	NA	NA	0.7	0.41	0.18	0.27	NA	0.165	0.39	0.76	0.04	NA	NA	0.37	NA	NA	0.19	0.19	0.020966	0.265306	0.077255	0.76	0.192291	0.0899	0.0117	0	NA	NA	NA	NA	NA	NA	NA	NA	0.100647	0.540143	0.143004	0.37	0.275458	0.225	0.0132	0.0979	NA	NA	NA	NA	NA	NA	NA	NA	NA	NA	NA	NA	NA	NA	NA	NA	0	0	0	0.19	0.122853	0.0191	0.0085	0
gpa_ssDNA_30nt_2rep_seed10_model_2	4832	221	368	924	3319	2.156766243546639	1.7888143871256568	2.5964448388383503	0.7686099904387775	0.3338030775832722	0.581553046838549	0.954143139646896	0.2525652791760052	0.4143791004944908	8.623143251894094e-16	1.89104018681888e-15	gpa_ssDNA_30nt_2rep	10	2	gpa	30nt	30	ssDNA	2rep	+ 2Rep	A	A-ssDNA-2rep	A-ssDNA-2rep-s10-m2	A-ssDNA-2rep	0.28	0.41	0.32	0	0.02	10	0.69	0.13	NA	NA	0.73	0.4	0.16	0.27	NA	0.18	0.28	0.77	0.03	NA	NA	0.38	NA	NA	0.22	0.19	0.020858	0.264374	0.074116	0.77	0.153426	0.0754	0.0128	0	NA	NA	NA	NA	NA	NA	NA	NA	0.116458	0.558169	0.151613	0.38	0.28438600000000003	0.1127	0.0259	0.1136	NA	NA	NA	NA	NA	NA	NA	NA	NA	NA	NA	NA	NA	NA	NA	NA	0	0	0	0.19	0.135467	0.0525	0.0112	0
gpa_ssDNA_30nt_2rep_seed10_model_3	4832	138	246	1007	3441	1.9166877376421163	1.526278296542342	2.3997579538160934	0.6505985596331292	0.28255136438287176	0.42283228618399776	0.8753678796913091	0.1836337286602468	0.38016743978528517	2.0054902799776425e-8	2.7248509238826664e-8	gpa_ssDNA_30nt_2rep	10	3	gpa	30nt	30	ssDNA	2rep	+ 2Rep	A	A-ssDNA-2rep	A-ssDNA-2rep-s10-m3	A-ssDNA-2rep	0.27	0.42	0.32	0	0.03	10	0.69	0.1	NA	NA	0.73	0.34	0.11	0.25	NA	0.165	0.15	0.73	0.01	NA	NA	0.36	NA	NA	0.21	0.18	0	0	0	0.73	0.097446	0.0313	0.0094	0	NA	NA	NA	NA	NA	NA	NA	NA	0.081417	0.511224	0.120693	0.36	0.263361	0.1441	0.0131	0.0725	NA	NA	NA	NA	NA	NA	NA	NA	NA	NA	NA	NA	NA	NA	NA	NA	0	0	0	0.18	0.128391	0.0666	0.0109	0
gpa_ssDNA_30nt_2rep_seed10_model_4	4832	156	357	989	3330	1.471183141058861	1.1950016120814966	1.8053623026260892	0.38606693492941546	0.16766673948514693	0.17814753440473693	0.5907612933194475	0.07736849115664696	0.25656436981066444	2.2729399894720856e-4	2.559617105261358e-4	gpa_ssDNA_30nt_2rep	10	4	gpa	30nt	30	ssDNA	2rep	+ 2Rep	A	A-ssDNA-2rep	A-ssDNA-2rep-s10-m4	A-ssDNA-2rep	0.22	0.4	0.27	0	0.03	10	0.68	0.12	NA	NA	0.72	0.32	0.15	0.23	NA	0.14	0.24	0.7	0.03	NA	NA	0.18	NA	NA	0.23	0.1	0.01867	0.243313	0.01867	0.7	0.134758	0.0673	0.011	0	NA	NA	NA	NA	NA	NA	NA	NA	0.006502	0.452771	0.055598	0.18	0.151512	0.1272	0.0101	0.0135	NA	NA	NA	NA	NA	NA	NA	NA	NA	NA	NA	NA	NA	NA	NA	NA	0.01867	0.284652	0.01867	0.1	0.143574	0.0696	0.0112	0
gpa_ssDNA_30nt_2rep_seed1_model_0	4832	0	1	1145	3686	0	0	125.33941843145408	-Inf	-Inf	-Inf	4.831025404858001	-Inf	2.098087675264253	1	1	gpa_ssDNA_30nt_2rep	1	0	gpa	30nt	30	ssDNA	2rep	+ 2Rep	A	A-ssDNA-2rep	A-ssDNA-2rep-s1-m0	A-ssDNA-2rep	0.28	0.45	0.34	0	0.04	10	0.54	0.11	NA	NA	0.755	0.19	0.2	0.18	NA	0.265	0.12	0.1	0.03	NA	NA	0.32	NA	NA	0.35	0.48	0	0	0	0.1	0.080925	0	0	0	NA	NA	NA	NA	NA	NA	NA	NA	0.264658	0.749283	0.348736	0.32	0.279513	0.1926	0.0218	0.3226	NA	NA	NA	NA	NA	NA	NA	NA	NA	NA	NA	NA	NA	NA	NA	NA	0.024081	0.340132	0.219788	0.48	0.187981	0.0829	0.0159	0.0157
gpa_ssDNA_30nt_2rep_seed1_model_1	4832	264	219	881	3468	4.743313279623647	3.890315801201069	5.787274694092185	1.5567358956573876	0.6760818092647198	1.3584903371632457	1.7556614889080795	0.5899848571488857	0.7624740967228261	1.456970764629916e-54	6.622594384681438e-54	gpa_ssDNA_30nt_2rep	1	1	gpa	30nt	30	ssDNA	2rep	+ 2Rep	A	A-ssDNA-2rep	A-ssDNA-2rep-s1-m1	A-ssDNA-2rep	0.26	0.44	0.32	0	0.04	10	0.55	0.11	NA	NA	0.78	0.33	0.16	0.23	NA	0.175	0.17	0.68	0.01	NA	NA	0.32	NA	NA	0.33	0.12	0	0	0	0.68	0.100489	0.0312	0.0087	0	NA	NA	NA	NA	NA	NA	NA	NA	0.229663	0.704337	0.311503	0.32	0.271278	0.2037	0.0173	0.2818	NA	NA	NA	NA	NA	NA	NA	NA	NA	NA	NA	NA	NA	NA	NA	NA	0.024961	0.348721	0.024961	0.12	0.170266	0.1282	0.0141	0
gpa_ssDNA_30nt_2rep_seed1_model_2	4832	137	285	1008	3402	1.6221885920294798	1.2975107277875892	2.021112454517262	0.48377622022245087	0.21010134291862276	0.26044760406811135	0.7036480798805262	0.11311095727170367	0.3055904782939311	1.9382798679620048e-5	2.2749763708474236e-5	gpa_ssDNA_30nt_2rep	1	2	gpa	30nt	30	ssDNA	2rep	+ 2Rep	A	A-ssDNA-2rep	A-ssDNA-2rep-s1-m2	A-ssDNA-2rep	0.26	0.43	0.31	0	0.03	10	0.57	0.12	NA	NA	0.765	0.35	0.17	0.23	NA	0.18	0.22	0.69	0.02	NA	NA	0.34	NA	NA	0.29	0.13	0	0	0	0.69	0.125471	0.0493	0.0101	0	NA	NA	NA	NA	NA	NA	NA	NA	0.277645	0.761442	0.390674	0.34	0.291331	0.201	0.0194	0.342	NA	NA	NA	NA	NA	NA	NA	NA	NA	NA	NA	NA	NA	NA	NA	NA	0.021791	0.31784	0.021791	0.13	0.150345	0.0739	0.0137	0
gpa_ssDNA_30nt_2rep_seed1_model_3	4832	107	226	1038	3461	1.578462282329113	1.22912643593106	2.017460315731694	0.45645113410205496	0.1982342087990037	0.2063037023722024	0.7018394509470441	0.08959655953645831	0.3048050007283093	2.952811659909589e-4	3.3103269729928123e-4	gpa_ssDNA_30nt_2rep	1	3	gpa	30nt	30	ssDNA	2rep	+ 2Rep	A	A-ssDNA-2rep	A-ssDNA-2rep-s1-m3	A-ssDNA-2rep	0.26	0.44	0.31	0	0.03	10	0.55	0.12	NA	NA	0.765	0.36	0.16	0.22	NA	0.18	0.22	0.67	0.01	NA	NA	0.32	NA	NA	0.3	0.12	0	0	0	0.67	0.1222	0.0323	0.01	0	NA	NA	NA	NA	NA	NA	NA	NA	0.244493	0.713484	0.31348	0.32	0.27515	0.1782	0.0239	0.2972	NA	NA	NA	NA	NA	NA	NA	NA	NA	NA	NA	NA	NA	NA	NA	NA	0.023026	0.329868	0.100279	0.12	0.164609	0.0642	0.0128	0.0333
gpa_ssDNA_30nt_2rep_seed1_model_4	4832	81	79	1064	3608	3.4755555463605257	2.4976339575943167	4.838350992778888	1.245754335695262	0.5410242337995035	0.9153438667765776	1.5765739587044518	0.39752879038505295	0.6846973705777086	7.244076427322146e-14	1.3930916206388744e-13	gpa_ssDNA_30nt_2rep	1	4	gpa	30nt	30	ssDNA	2rep	+ 2Rep	A	A-ssDNA-2rep	A-ssDNA-2rep-s1-m4	A-ssDNA-2rep	0.25	0.44	0.31	0	0.03	10	0.55	0.11	NA	NA	0.765	0.33	0.18	0.23	NA	0.19	0.16	0.71	0.01	NA	NA	0.32	NA	NA	0.28	0.12	0	0	0	0.71	0.101043	0.0188	0.0094	0	NA	NA	NA	NA	NA	NA	NA	NA	0.24972	0.711136	0.314494	0.32	0.273724	0.1938	0.018	0.3059	NA	NA	NA	NA	NA	NA	NA	NA	NA	NA	NA	NA	NA	NA	NA	NA	0.026042	0.357011	0.195085	0.12	0.155888	0.0619	0.0169	0.0181
gpa_ssDNA_30nt_2rep_seed2_model_0	4832	122	323	1023	3364	1.2420087332418672	0.9883921285844997	1.55324668913997	0.21673001508227177	0.09412464961303917	-0.011675768694921712	0.4403473783900849	-0.005070721916183231	0.19124043655537712	0.0537538749021272	0.05622790261728786	gpa_ssDNA_30nt_2rep	2	0	gpa	30nt	30	ssDNA	2rep	+ 2Rep	A	A-ssDNA-2rep	A-ssDNA-2rep-s2-m0	A-ssDNA-2rep	0.31	0.44	0.35	0	0.03	10	0.55	0.11	NA	NA	0.755	0.4	0.18	0.27	NA	0.2	0.24	0.77	0.02	NA	NA	0.43	NA	NA	0.35	0.2	0	0	0	0.77	0.137633	0.037	0.0097	0	NA	NA	NA	NA	NA	NA	NA	NA	0.326275	0.779165	0.423988	0.43	0.357257	0.2106	0.0769	0.3814	NA	NA	NA	NA	NA	NA	NA	NA	NA	NA	NA	NA	NA	NA	NA	NA	0.03624	0.43265	0.374586	0.2	0.227355	0.0681	0.0208	0.0663
gpa_ssDNA_30nt_2rep_seed2_model_1	4832	117	314	1028	3373	1.2225630046477995	0.9688901842699571	1.534720974691998	0.20094947858308873	0.08727124968997113	-0.03160400244035172	0.4283485890710495	-0.013725443865901656	0.18602942856460036	0.08505215503267408	0.08859599482570217	gpa_ssDNA_30nt_2rep	2	1	gpa	30nt	30	ssDNA	2rep	+ 2Rep	A	A-ssDNA-2rep	A-ssDNA-2rep-s2-m1	A-ssDNA-2rep	0.3	0.43	0.34	0	0.03	10	0.53	0.11	NA	NA	0.75	0.41	0.19	0.27	NA	0.21000000000000002	0.24	0.77	0.02	NA	NA	0.41	NA	NA	0.37	0.2	0	0	0	0.77	0.138871	0.0283	0.0095	0	NA	NA	NA	NA	NA	NA	NA	NA	0.277002	0.766853	0.391282	0.41	0.338307	0.1965	0.0165	0.3417	NA	NA	NA	NA	NA	NA	NA	NA	NA	NA	NA	NA	NA	NA	NA	NA	0.027163	0.366427	0.272946	0.2	0.193841	0.0735	0.0162	0.0197
gpa_ssDNA_30nt_2rep_seed2_model_2	4832	101	237	1044	3450	1.4081806724479728	1.0929187160303475	1.8044454608177507	0.3422985680037169	0.14865837924739922	0.08885183866168786	0.5902533206582227	0.03858786323772905	0.25634376008693677	0.006512539961009523	0.007078847783706003	gpa_ssDNA_30nt_2rep	2	2	gpa	30nt	30	ssDNA	2rep	+ 2Rep	A	A-ssDNA-2rep	A-ssDNA-2rep-s2-m2	A-ssDNA-2rep	0.29	0.43	0.34	0	0.04	10	0.55	0.11	NA	NA	0.755	0.36	0.14	0.26	NA	0.19	0.15	0.75	0.01	NA	NA	0.39	NA	NA	0.3	0.18	0	0	0	0.75	0.098824	0.0298	0.0088	0	NA	NA	NA	NA	NA	NA	NA	NA	0.218922	0.703527	0.32809	0.39	0.313868	0.2106	0.0181	0.24	NA	NA	NA	NA	NA	NA	NA	NA	NA	NA	NA	NA	NA	NA	NA	NA	0.028358	0.378551	0.260616	0.18	0.185278	0.0602	0.0162	0.0292
gpa_ssDNA_30nt_2rep_seed2_model_3	4832	63	82	1082	3605	2.559192362417213	1.7997856809860078	3.624931396658212	0.9396917252853283	0.40810293098156447	0.5876675916943014	1.2878353630677533	0.25522079226620836	0.5592997917801962	1.4000216158096014e-7	1.8041515667649504e-7	gpa_ssDNA_30nt_2rep	2	3	gpa	30nt	30	ssDNA	2rep	+ 2Rep	A	A-ssDNA-2rep	A-ssDNA-2rep-s2-m3	A-ssDNA-2rep	0.29	0.44	0.33	0	0.03	10	0.53	0.11	NA	NA	0.755	0.36	0.16	0.26	NA	0.19	0.16	0.77	0	NA	NA	0.38	NA	NA	0.39	0.16	0	0	0	0.77	0.09965	0.0211	0.0086	0	NA	NA	NA	NA	NA	NA	NA	NA	0.300036	0.75287	0.380658	0.38	0.319405	0.172	0.0167	0.3607	NA	NA	NA	NA	NA	NA	NA	NA	NA	NA	NA	NA	NA	NA	NA	NA	0.048449	0.382424	0.297041	0.16	0.209883	0.0991	0.0166	0.06
gpa_ssDNA_30nt_2rep_seed2_model_4	4832	141	298	1004	3389	1.5969609202048176	1.2816967192109003	1.9829206104778154	0.4681023981788076	0.20329428849473494	0.24818476203350504	0.68457081367714	0.10778527264362292	0.29730532685200106	2.7257275904993405e-5	3.18426120385437e-5	gpa_ssDNA_30nt_2rep	2	4	gpa	30nt	30	ssDNA	2rep	+ 2Rep	A	A-ssDNA-2rep	A-ssDNA-2rep-s2-m4	A-ssDNA-2rep	0.24	0.42	0.3	0	0.03	10	0.57	0.11	NA	NA	0.745	0.35	0.16	0.24	NA	0.15000000000000002	0.25	0.77	0.02	NA	NA	0.22	NA	NA	0.29	0.1	0.019949	0.255955	0.019949	0.77	0.144614	0.0524	0.0108	0	NA	NA	NA	NA	NA	NA	NA	NA	0	0	0	0.22	0.153195	0.1084	0.0093	0	NA	NA	NA	NA	NA	NA	NA	NA	NA	NA	NA	NA	NA	NA	NA	NA	0.025502	0.351686	0.248642	0.1	0.190052	0.0742	0.0154	0.0209
gpa_ssDNA_30nt_2rep_seed3_model_0	4832	15	154	1130	3533	0.3045726179471187	0.16571514430476197	0.520974706349554	-1.188845737679682	-0.5163091437084867	-1.7974849628010365	-0.6520537866806845	-0.780637800648562	-0.28318336145954137	7.237468482066078e-7	9.046835602582598e-7	gpa_ssDNA_30nt_2rep	3	0	gpa	30nt	30	ssDNA	2rep	+ 2Rep	A	A-ssDNA-2rep	A-ssDNA-2rep-s3-m0	A-ssDNA-2rep	0.26	0.41	0.31	0	0.05	10	0.5	0.09	NA	NA	0.735	0.3	0.14	0.22	NA	0.18	0.11	0.63	0	NA	NA	0.31	NA	NA	0.31	0.12	0	0	0	0.63	0.080332	0.0201	0.0081	0	NA	NA	NA	NA	NA	NA	NA	NA	0.243978	0.709332	0.292303	0.31	0.27225	0.2554	0.0191	0.2999	NA	NA	NA	NA	NA	NA	NA	NA	NA	NA	NA	NA	NA	NA	NA	NA	0.026171	0.359835	0.075058	0.12	0.169182	0.1221	0.0133	0.0333
gpa_ssDNA_30nt_2rep_seed3_model_1	4832	348	325	797	3362	4.51504865336877	3.7964437240153006	5.371128251526932	1.5074159627508157	0.6546624345555571	1.3340647664387542	1.6810379891574925	0.5793769665659013	0.7300655225608375	4.4525536755446705e-66	4.45255367554467e-65	gpa_ssDNA_30nt_2rep	3	1	gpa	30nt	30	ssDNA	2rep	+ 2Rep	A	A-ssDNA-2rep	A-ssDNA-2rep-s3-m1	A-ssDNA-2rep	0.26	0.4	0.31	0	0.04	10	0.47	0.09	NA	NA	0.72	0.33	0.15	0.23	NA	0.185	0.14	0.66	0.01	NA	NA	0.31	NA	NA	0.31	0.12	0	0	0	0.66	0.086581	0.0325	0.0086	0	NA	NA	NA	NA	NA	NA	NA	NA	0.219957	0.70259	0.274901	0.31	0.265039	0.2779	0.0129	0.2599	NA	NA	NA	NA	NA	NA	NA	NA	NA	NA	NA	NA	NA	NA	NA	NA	0.023832	0.338027	0.075278	0.12	0.171116	0.0884	0.0136	0.0167
gpa_ssDNA_30nt_2rep_seed3_model_2	4832	187	364	958	3323	1.7816733497329662	1.4642826138771206	2.1632418707741783	0.5775530068213023	0.25082808386912275	0.38136543917465193	0.7716079626213893	0.16562490582216155	0.33510508035907993	7.439245319392825e-9	1.0390007429319589e-8	gpa_ssDNA_30nt_2rep	3	2	gpa	30nt	30	ssDNA	2rep	+ 2Rep	A	A-ssDNA-2rep	A-ssDNA-2rep-s3-m2	A-ssDNA-2rep	0.26	0.41	0.31	0	0.04	10	0.5	0.1	NA	NA	0.705	0.31	0.15	0.22	NA	0.175	0.16	0.64	0.01	NA	NA	0.31	NA	NA	0.32	0.12	0	0	0	0.64	0.093424	0.0406	0.0089	0	NA	NA	NA	NA	NA	NA	NA	NA	0.217264	0.692144	0.275476	0.31	0.266065	0.2023	0.013	0.2665	NA	NA	NA	NA	NA	NA	NA	NA	NA	NA	NA	NA	NA	NA	NA	NA	0.024576	0.345111	0.143101	0.12	0.174648	0.0692	0.012	0.0333
gpa_ssDNA_30nt_2rep_seed3_model_3	4832	396	445	749	3242	3.8504932869386574	3.2807320593862594	4.519326408236306	1.3482012665697702	0.5855163705662262	1.1880665863304034	1.508362958012371	0.5159707625769275	0.655073709372039	1.5231292502016957e-61	1.2283300404852384e-60	gpa_ssDNA_30nt_2rep	3	3	gpa	30nt	30	ssDNA	2rep	+ 2Rep	A	A-ssDNA-2rep	A-ssDNA-2rep-s3-m3	A-ssDNA-2rep	0.25	0.4	0.3	0	0.04	10	0.5	0.09	NA	NA	0.73	0.34	0.12	0.23	NA	0.15	0.23	0.68	0.02	NA	NA	0.32	NA	NA	0.11	0.14	0	0	0	0.68	0.120128	0.0502	0.0094	0	NA	NA	NA	NA	NA	NA	NA	NA	0.235481	0.71721	0.29847	0.32	0.271816	0.1418	0.0263	0.285	NA	NA	NA	NA	NA	NA	NA	NA	NA	NA	NA	NA	NA	NA	NA	NA	0	0	0	0.14	0.091205	0.0237	0.0088	0
gpa_ssDNA_30nt_2rep_seed3_model_4	4832	62	48	1083	3639	4.338699182357905	2.909219442278101	6.50378870897798	1.4675745756177256	0.6373595399722848	1.0678848123084008	1.8723848853983187	0.4637764812938282	0.8131664237275423	9.789404113664407e-14	1.8682068919206885e-13	gpa_ssDNA_30nt_2rep	3	4	gpa	30nt	30	ssDNA	2rep	+ 2Rep	A	A-ssDNA-2rep	A-ssDNA-2rep-s3-m4	A-ssDNA-2rep	0.22	0.4	0.28	0	0.06	10	0.49	0.09	NA	NA	0.72	0.28	0.13	0.21	NA	0.16	0.11	0.63	0	NA	NA	0.21	NA	NA	0.23	0.1	0	0	0	0.63	0.082407	0.0207	0.0082	0	NA	NA	NA	NA	NA	NA	NA	NA	0	0	0	0.21	0.154045	0.2106	0.009	0	NA	NA	NA	NA	NA	NA	NA	NA	NA	NA	NA	NA	NA	NA	NA	NA	0	0	0	0.1	0.140946	0.0855	0.0109	0
gpa_ssDNA_30nt_2rep_seed4_model_0	4832	36	76	1109	3611	1.5422031316017233	1.0014195246024475	2.336712577305171	0.4332119990214073	0.1881415806692741	0.001418518029856172	0.8487450601048453	6.160545528468077e-4	0.3686052961461781	0.04225041811217287	0.04456795159511907	gpa_ssDNA_30nt_2rep	4	0	gpa	30nt	30	ssDNA	2rep	+ 2Rep	A	A-ssDNA-2rep	A-ssDNA-2rep-s4-m0	A-ssDNA-2rep	0.3	0.42	0.34	0	0.02	10	0.67	0.13	NA	NA	0.755	0.31	0.19	0.24	NA	0.20500000000000002	0.11	0.69	0.01	NA	NA	0.3	NA	NA	0.44	0.13	0	0	0	0.69	0.079372	0.0202	0.0082	0	NA	NA	NA	NA	NA	NA	NA	NA	0.022046	0.420941	0.063327	0.3	0.214527	0.2245	0.0106	0.0366	NA	NA	NA	NA	NA	NA	NA	NA	NA	NA	NA	NA	NA	NA	NA	NA	0.127485	0.405983	0.326529	0.13	0.239767	0.0862	0.0167	0.0643
gpa_ssDNA_30nt_2rep_seed4_model_1	4832	120	255	1025	3432	1.5755035595002211	1.2434016078471861	1.9879472511130147	0.4545749414955478	0.19741938870300996	0.21785085595760917	0.6871025742369941	0.0946114246202898	0.298404856492646	1.4085729682348076e-4	1.600651100266827e-4	gpa_ssDNA_30nt_2rep	4	1	gpa	30nt	30	ssDNA	2rep	+ 2Rep	A	A-ssDNA-2rep	A-ssDNA-2rep-s4-m1	A-ssDNA-2rep	0.25	0.42	0.3	0	0.03	10	0.66	0.13	NA	NA	0.75	0.34	0.15	0.24	NA	0.16999999999999998	0.21	0.71	0.01	NA	NA	0.29	NA	NA	0.28	0.14	0.017934	0.235851	0.017934	0.71	0.121105	0.0514	0.0096	0	NA	NA	NA	NA	NA	NA	NA	NA	0.018555	0.417265	0.054398	0.29	0.206457	0.1377	0.0125	0.0232	NA	NA	NA	NA	NA	NA	NA	NA	NA	NA	NA	NA	NA	NA	NA	NA	0.027875	0.371296	0.255094	0.14	0.168946	0.0566	0.0184	0.0255
gpa_ssDNA_30nt_2rep_seed4_model_2	4832	109	328	1036	3359	1.0774549312543054	0.8498822701930269	1.358016391222194	0.07460171497881049	0.03239911315581657	-0.16265744474583146	0.30602509918309706	-0.07064123069359769	0.1329050118991144	0.5168250707483029	0.529533883963425	gpa_ssDNA_30nt_2rep	4	2	gpa	30nt	30	ssDNA	2rep	+ 2Rep	A	A-ssDNA-2rep	A-ssDNA-2rep-s4-m2	A-ssDNA-2rep	0.25	0.41	0.29	0	0.03	10	0.68	0.12	NA	NA	0.735	0.31	0.17	0.24	NA	0.15500000000000003	0.2	0.72	0.01	NA	NA	0.15	NA	NA	0.28	0.11	0	0	0	0.72	0.119978	0.0384	0.0092	0	NA	NA	NA	NA	NA	NA	NA	NA	0	0	0	0.15	0.130547	0.221	0.0091	0	NA	NA	NA	NA	NA	NA	NA	NA	NA	NA	NA	NA	NA	NA	NA	NA	0.021858	0.318234	0.077478	0.11	0.155413	0.09	0.0131	0
gpa_ssDNA_30nt_2rep_seed4_model_3	4832	355	423	790	3264	3.46636377813331	2.9404840723873464	4.085501968487805	1.2431061419697742	0.5398741378775134	1.0785742182690756	1.407444601665494	0.468418831317373	0.6112454240878443	1.1194511541742145e-49	4.055982442660198e-49	gpa_ssDNA_30nt_2rep	4	3	gpa	30nt	30	ssDNA	2rep	+ 2Rep	A	A-ssDNA-2rep	A-ssDNA-2rep-s4-m3	A-ssDNA-2rep	0.24	0.42	0.29	0	0.03	10	0.65	0.13	NA	NA	0.74	0.35	0.17	0.24	NA	0.16	0.27	0.72	0.03	NA	NA	0.27	NA	NA	0.26	0.13	0.018174	0.238304	0.018174	0.72	0.145048	0.0595	0.0101	0	NA	NA	NA	NA	NA	NA	NA	NA	0.009808	0.400433	0.046063	0.27	0.194791	0.155	0.0102	0.0097	NA	NA	NA	NA	NA	NA	NA	NA	NA	NA	NA	NA	NA	NA	NA	NA	0.02672	0.360765	0.211596	0.13	0.15973	0.0482	0.0169	0.0265
gpa_ssDNA_30nt_2rep_seed4_model_4	4832	61	165	1084	3522	1.2011605255694222	0.8732625416166104	1.6344595121523817	0.183288194090736	0.07960105129161885	-0.1355190333982018	0.49131217609061134	-0.058855168397701524	0.21337416696803127	0.23022513714026555	0.2378358854754809	gpa_ssDNA_30nt_2rep	4	4	gpa	30nt	30	ssDNA	2rep	+ 2Rep	A	A-ssDNA-2rep	A-ssDNA-2rep-s4-m4	A-ssDNA-2rep	0.24	0.41	0.28	0	0.02	10	0.65	0.12	NA	NA	0.74	0.28	0.15	0.22	NA	0.15000000000000002	0.17	0.66	0.01	NA	NA	0.16	NA	NA	0.27	0.11	0	0	0	0.66	0.102845	0.0285	0.0094	0	NA	NA	NA	NA	NA	NA	NA	NA	0	0	0	0.16	0.131136	0.1751	0.0089	0	NA	NA	NA	NA	NA	NA	NA	NA	NA	NA	NA	NA	NA	NA	NA	NA	0.023473	0.334554	0.173801	0.11	0.170468	0.0473	0.0129	0.0092
gpa_ssDNA_30nt_2rep_seed5_model_0	4832	112	187	1033	3500	2.029001723035794	1.5742736407311424	2.6060169321358915	0.7075439100477499	0.30728241583798854	0.4537939854130044	0.9578229760475823	0.19708022378575257	0.41597723313761553	4.7168780958997534e-8	6.272444276462439e-8	gpa_ssDNA_30nt_2rep	5	0	gpa	30nt	30	ssDNA	2rep	+ 2Rep	A	A-ssDNA-2rep	A-ssDNA-2rep-s5-m0	A-ssDNA-2rep	0.26	0.41	0.3	0	0.02	10	0.59	0.13	NA	NA	0.75	0.37	0.17	0.25	NA	0.165	0.3	0.7	0.05	NA	NA	0.34	NA	NA	0.2	0.14	0.024885	0.299424	0.13522	0.7	0.177396	0.0376	0.0135	0.0666	NA	NA	NA	NA	NA	NA	NA	NA	0.183522	0.721059	0.286412	0.34	0.271599	0.1077	0.038	0.2807	NA	NA	NA	NA	NA	NA	NA	NA	NA	NA	NA	NA	NA	NA	NA	NA	0	0	0	0.14	0.125032	0.0724	0.011	0
gpa_ssDNA_30nt_2rep_seed5_model_1	4832	89	145	1056	3542	2.058458993604863	1.5485377284662816	2.724267164759803	0.7219576415071147	0.313542219874426	0.4373110846588705	1.0021994615835774	0.18992179094247325	0.43524969593215773	5.249611613953447e-7	6.628297492365463e-7	gpa_ssDNA_30nt_2rep	5	1	gpa	30nt	30	ssDNA	2rep	+ 2Rep	A	A-ssDNA-2rep	A-ssDNA-2rep-s5-m1	A-ssDNA-2rep	0.24	0.42	0.3	0	0.04	10	0.56	0.13	NA	NA	0.75	0.35	0.16	0.24	NA	0.16	0.27	0.69	0.05	NA	NA	0.3	NA	NA	0.19	0.13	0.020983	0.265548	0.039435	0.69	0.148228	0.0526	0.0117	0.025	NA	NA	NA	NA	NA	NA	NA	NA	0.180899	0.708947	0.271001	0.3	0.24969	0.2413	0.0122	0.2753	NA	NA	NA	NA	NA	NA	NA	NA	NA	NA	NA	NA	NA	NA	NA	NA	0	0	0	0.13	0.118582	0.0621	0.0106	0
gpa_ssDNA_30nt_2rep_seed5_model_2	4832	427	381	718	3306	5.158144185815252	4.3823576046158506	6.073467557532037	1.640576860890719	0.7124934778229981	1.4775868454692611	1.8039297035010533	0.6417078135201331	0.7834367159718766	1.1496170827422003e-88	1.4370213534277504e-86	gpa_ssDNA_30nt_2rep	5	2	gpa	30nt	30	ssDNA	2rep	+ 2Rep	A	A-ssDNA-2rep	A-ssDNA-2rep-s5-m2	A-ssDNA-2rep	0.25	0.4	0.29	0	0.03	10	0.6	0.15	NA	NA	0.745	0.36	0.18	0.25	NA	0.12	0.44	0.73	0.08	NA	NA	0.14	NA	NA	0.11	0.1	0.102753	0.315282	0.175663	0.73	0.232037	0.0612	0.0126	0.0796	NA	NA	NA	NA	NA	NA	NA	NA	0	0	0	0.14	0.123651	0.0409	0.009	0	NA	NA	NA	NA	NA	NA	NA	NA	NA	NA	NA	NA	NA	NA	NA	NA	0	0	0	0.1	0.090973	0.0186	0.0084	0
gpa_ssDNA_30nt_2rep_seed5_model_3	4832	86	141	1059	3546	2.04201898760957	1.5292810952376303	2.7140474672272794	0.7139390182347812	0.3100597760347906	0.4247977525860136	0.9984410510266011	0.1844873198730085	0.43361743896653593	1.2413363145891846e-6	1.5287393036812619e-6	gpa_ssDNA_30nt_2rep	5	3	gpa	30nt	30	ssDNA	2rep	+ 2Rep	A	A-ssDNA-2rep	A-ssDNA-2rep-s5-m3	A-ssDNA-2rep	0.24	0.41	0.29	0	0.02	10	0.55	0.13	NA	NA	0.745	0.34	0.17	0.22	NA	0.165	0.29	0.63	0.05	NA	NA	0.28	NA	NA	0.24	0.13	0.048788	0.308772	0.130784	0.63	0.171916	0.0493	0.0181	0.066	NA	NA	NA	NA	NA	NA	NA	NA	0.168131	0.701029	0.257438	0.28	0.239784	0.1935	0.0128	0.2595	NA	NA	NA	NA	NA	NA	NA	NA	NA	NA	NA	NA	NA	NA	NA	NA	0.01842	0.281861	0.01842	0.13	0.138673	0.107	0.0117	0
gpa_ssDNA_30nt_2rep_seed5_model_4	4832	139	364	1006	3323	1.261329785506977	1.016902344291814	1.5581504274341094	0.23216654975882714	0.10082865144277536	0.016761089144005488	0.44349949441426256	0.007279248525930082	0.1926093831509963	0.030698182117349194	0.03265764055037148	gpa_ssDNA_30nt_2rep	5	4	gpa	30nt	30	ssDNA	2rep	+ 2Rep	A	A-ssDNA-2rep	A-ssDNA-2rep-s5-m4	A-ssDNA-2rep	0.22	0.42	0.28	0	0.04	10	0.58	0.11	NA	NA	0.765	0.18	0.15	0.12	NA	0.165	0.27	0.09	0	NA	NA	0.18	NA	NA	0.24	0.28	0.021039	0.265368	0.021039	0.09	0.148286	0.0402	0.0107	0	NA	NA	NA	NA	NA	NA	NA	NA	0	0	0	0.18	0.144614	0.0914	0.0093	0	NA	NA	NA	NA	NA	NA	NA	NA	NA	NA	NA	NA	NA	NA	NA	NA	0	0	0	0.28	0.140528	0.0736	0.0114	0
gpa_ssDNA_30nt_2rep_seed6_model_0	4832	88	116	1057	3571	2.562346066135325	1.9029016418602336	3.44049135315922	0.9409232709080784	0.4086377844497369	0.643379901145481	1.2356142964060315	0.2794163408349421	0.5366204706899085	3.897400467807687e-10	5.664826261348381e-10	gpa_ssDNA_30nt_2rep	6	0	gpa	30nt	30	ssDNA	2rep	+ 2Rep	A	A-ssDNA-2rep	A-ssDNA-2rep-s6-m0	A-ssDNA-2rep	0.27	0.43	0.32	0	0.03	10	0.45	0.11	NA	NA	0.8	0.29	0.16	0.22	NA	0.16999999999999998	0.15	0.65	0.01	NA	NA	0.21	NA	NA	0.36	0.11	0	0	0	0.65	0.09411	0.0285	0.0102	0	NA	NA	NA	NA	NA	NA	NA	NA	0.005151	0.396672	0.005151	0.21	0.157367	0.2591	0.0092	0	NA	NA	NA	NA	NA	NA	NA	NA	NA	NA	NA	NA	NA	NA	NA	NA	0.024345	0.342633	0.239588	0.11	0.190988	0.0844	0.0194	0.0388
gpa_ssDNA_30nt_2rep_seed6_model_1	4832	95	269	1050	3418	1.149560518814177	0.890813720771205	1.473677495731869	0.13937971178146227	0.06053183971595472	-0.11561994096585614	0.38776097453072245	-0.050213102359451055	0.16840245153612013	0.2757727472712233	0.2837168181802709	gpa_ssDNA_30nt_2rep	6	1	gpa	30nt	30	ssDNA	2rep	+ 2Rep	A	A-ssDNA-2rep	A-ssDNA-2rep-s6-m1	A-ssDNA-2rep	0.24	0.42	0.3	0	0.04	10	0.45	0.11	NA	NA	0.785	0.31	0.13	0.21	NA	0.16499999999999998	0.13	0.65	0	NA	NA	0.26	NA	NA	0.28	0.09	0	0	0	0.65	0.086892	0.0229	0.0085	0	NA	NA	NA	NA	NA	NA	NA	NA	0.005378	0.407126	0.005378	0.26	0.174378	0.2033	0.0092	0	NA	NA	NA	NA	NA	NA	NA	NA	NA	NA	NA	NA	NA	NA	NA	NA	0.02	0.299156	0.02	0.09	0.1442	0.0594	0.0126	0
gpa_ssDNA_30nt_2rep_seed6_model_2	4832	137	265	1008	3422	1.754797906214063	1.4003293130274068	2.192047182644917	0.5623536971328156	0.24422710754267435	0.3367074325514865	0.7848358937833616	0.14623017997292193	0.3408498978697206	8.420309398087162e-7	1.0473021639411892e-6	gpa_ssDNA_30nt_2rep	6	2	gpa	30nt	30	ssDNA	2rep	+ 2Rep	A	A-ssDNA-2rep	A-ssDNA-2rep-s6-m2	A-ssDNA-2rep	0.24	0.43	0.3	0	0.03	10	0.45	0.11	NA	NA	0.79	0.33	0.13	0.23	NA	0.155	0.18	0.69	0.01	NA	NA	0.3	NA	NA	0.21	0.1	0	0	0	0.69	0.106261	0.0401	0.009	0	NA	NA	NA	NA	NA	NA	NA	NA	0.20584	0.650393	0.244786	0.3	0.258046	0.1015	0.0693	0.2179	NA	NA	NA	NA	NA	NA	NA	NA	NA	NA	NA	NA	NA	NA	NA	NA	0	0	0	0.1	0.128281	0.0646	0.0115	0
gpa_ssDNA_30nt_2rep_seed6_model_3	4832	52	233	1093	3454	0.70532823286169	0.5078319321639811	0.9643864881106933	-0.34909200599070267	-0.1516087318782991	-0.6776047283408962	-0.03626314344239908	-0.29427999443000324	-0.01574888309350001	0.0259046963533762	0.02767595764249594	gpa_ssDNA_30nt_2rep	6	3	gpa	30nt	30	ssDNA	2rep	+ 2Rep	A	A-ssDNA-2rep	A-ssDNA-2rep-s6-m3	A-ssDNA-2rep	0.24	0.42	0.29	0	0.03	10	0.44	0.11	NA	NA	0.79	0.31	0.13	0.23	NA	0.165	0.11	0.7	0	NA	NA	0.3	NA	NA	0.29	0.1	0	0	0	0.7	0.079681	0.0233	0.0085	0	NA	NA	NA	NA	NA	NA	NA	NA	0.193236	0.646881	0.230399	0.3	0.254503	0.1412	0.0142	0.1961	NA	NA	NA	NA	NA	NA	NA	NA	NA	NA	NA	NA	NA	NA	NA	NA	0.017934	0.276386	0.017934	0.1	0.157473	0.0632	0.0118	0
gpa_ssDNA_30nt_2rep_seed6_model_4	4832	283	351	862	3336	3.1191822119451933	2.6115206757006457	3.7244482719060032	1.1375708559081255	0.4940407454948581	0.9599326860371609	1.3149187259368613	0.4168934685445057	0.5710619468256332	5.0824806478981105e-36	1.3962858922797008e-35	gpa_ssDNA_30nt_2rep	6	4	gpa	30nt	30	ssDNA	2rep	+ 2Rep	A	A-ssDNA-2rep	A-ssDNA-2rep-s6-m4	A-ssDNA-2rep	0.24	0.42	0.29	0	0.04	10	0.47	0.12	NA	NA	0.785	0.34	0.13	0.24	NA	0.15	0.24	0.71	0.01	NA	NA	0.28	NA	NA	0.16	0.12	0	0	0	0.71	0.124624	0.0389	0.0095	0	NA	NA	NA	NA	NA	NA	NA	NA	0.117714	0.530927	0.144165	0.28	0.227769	0.126	0.0131	0.1173	NA	NA	NA	NA	NA	NA	NA	NA	NA	NA	NA	NA	NA	NA	NA	NA	0	0	0	0.12	0.105701	0.0322	0.0107	0
gpa_ssDNA_30nt_2rep_seed7_model_0	4832	150	305	995	3382	1.6714386449253935	1.348063249984467	2.065983848743307	0.5136847196086761	0.22309043916406718	0.29866893274280515	0.7256065530208612	0.12971026940613373	0.31512692200979936	2.443860885960896e-6	2.980318153610849e-6	gpa_ssDNA_30nt_2rep	7	0	gpa	30nt	30	ssDNA	2rep	+ 2Rep	A	A-ssDNA-2rep	A-ssDNA-2rep-s7-m0	A-ssDNA-2rep	0.36	0.44	0.4	0	0.03	10	0.77	0.12	NA	NA	0.77	0.27	0.19	0.14	NA	0.23500000000000001	0.29	0.09	0.03	NA	NA	0.57	NA	NA	0.3	0.35	0.022719	0.28172	0.131648	0.09	0.162211	0.0793	0.0147	0	NA	NA	NA	NA	NA	NA	NA	NA	0.31936	0.722626	0.521067	0.57	0.465627	0.21	0.0252	0.2469	NA	NA	NA	NA	NA	NA	NA	NA	NA	NA	NA	NA	NA	NA	NA	NA	0.023053	0.330377	0.170115	0.35	0.160334	0.0557	0.016	0.0042
gpa_ssDNA_30nt_2rep_seed7_model_1	4832	128	320	1017	3367	1.3242053504306357	1.0574898558150612	1.6510074770912135	0.28081254400085043	0.12195533830878344	0.055898039282415365	0.5013856937534255	0.0242762100095642	0.2177490401023464	0.012116537509769041	0.013056613695871813	gpa_ssDNA_30nt_2rep	7	1	gpa	30nt	30	ssDNA	2rep	+ 2Rep	A	A-ssDNA-2rep	A-ssDNA-2rep-s7-m1	A-ssDNA-2rep	0.36	0.43	0.39	0	0.03	10	0.76	0.1	NA	NA	0.765	0.26	0.19	0.11	NA	0.225	0.27	0.08	0.01	NA	NA	0.56	NA	NA	0.27	0.26	0.02202	0.275434	0.130383	0.08	0.153237	0.0578	0.013	0	NA	NA	NA	NA	NA	NA	NA	NA	0.313275	0.727171	0.517547	0.56	0.459036	0.2942	0.0222	0.2506	NA	NA	NA	NA	NA	NA	NA	NA	NA	NA	NA	NA	NA	NA	NA	NA	0.027533	0.371212	0.245472	0.26	0.169019	0.0702	0.017	0.0171
gpa_ssDNA_30nt_2rep_seed7_model_2	4832	147	229	998	3458	2.2237961227359495	1.7737403698496181	2.78159028216558	0.799215700754576	0.347094968688153	0.5730905202171193	1.0230228080922323	0.2488900505613589	0.4442931604156259	4.895483895714984e-12	7.999156692344745e-12	gpa_ssDNA_30nt_2rep	7	2	gpa	30nt	30	ssDNA	2rep	+ 2Rep	A	A-ssDNA-2rep	A-ssDNA-2rep-s7-m2	A-ssDNA-2rep	0.36	0.44	0.39	0	0.03	10	0.77	0.12	NA	NA	0.745	0.4	0.19	0.25	NA	0.22	0.31	0.6	0.04	NA	NA	0.57	NA	NA	0.29	0.27	0.023456	0.287957	0.159565	0.6	0.171524	0.0818	0.0139	0.0115	NA	NA	NA	NA	NA	NA	NA	NA	0.324109	0.73546	0.542542	0.57	0.469936	0.2597	0.0216	0.2515	NA	NA	NA	NA	NA	NA	NA	NA	NA	NA	NA	NA	NA	NA	NA	NA	0.023941	0.337597	0.21022	0.27	0.18605	0.0698	0.014	0.0198
gpa_ssDNA_30nt_2rep_seed7_model_3	4832	170	384	975	3303	1.4996231257319987	1.2272159749488303	1.8273301653618665	0.4052138270277171	0.1759821290690363	0.2047481689425032	0.6028559755527546	0.0889209999515239	0.261817023564963	6.538868655210963e-5	7.498702586251105e-5	gpa_ssDNA_30nt_2rep	7	3	gpa	30nt	30	ssDNA	2rep	+ 2Rep	A	A-ssDNA-2rep	A-ssDNA-2rep-s7-m3	A-ssDNA-2rep	0.35	0.43	0.38	0	0.03	10	0.76	0.11	NA	NA	0.755	0.4	0.2	0.26	NA	0.22499999999999998	0.28	0.66	0.02	NA	NA	0.54	NA	NA	0.28	0.26	0.022168	0.276475	0.096788	0.66	0.159686	0.0943	0.0116	0	NA	NA	NA	NA	NA	NA	NA	NA	0.279484	0.714508	0.490612	0.54	0.43093	0.2544	0.0183	0.222	NA	NA	NA	NA	NA	NA	NA	NA	NA	NA	NA	NA	NA	NA	NA	NA	0.0278	0.369118	0.212222	0.26	0.165746	0.1153	0.0154	0.0218
gpa_ssDNA_30nt_2rep_seed7_model_4	4832	149	239	996	3448	2.1578452157163026	1.725416146677084	2.6923628799680395	0.769110138460143	0.33402028910908604	0.5454682658390434	0.9904192020916335	0.23689385790723258	0.430133594239418	1.596334826301702e-11	2.478780786182767e-11	gpa_ssDNA_30nt_2rep	7	4	gpa	30nt	30	ssDNA	2rep	+ 2Rep	A	A-ssDNA-2rep	A-ssDNA-2rep-s7-m4	A-ssDNA-2rep	0.35	0.44	0.38	0	0.03	10	0.77	0.11	NA	NA	0.775	0.4	0.19	0.25	NA	0.21	0.3	0.62	0.03	NA	NA	0.54	NA	NA	0.34	0.25	0.022572	0.279972	0.158041	0.62	0.167073	0.0712	0.014	0	NA	NA	NA	NA	NA	NA	NA	NA	0.286307	0.732874	0.524773	0.54	0.43613	0.1836	0.02	0.2447	NA	NA	NA	NA	NA	NA	NA	NA	NA	NA	NA	NA	NA	NA	NA	NA	0.028328	0.374353	0.302125	0.25	0.21488	0.059	0.0174	0.0267
gpa_ssDNA_30nt_2rep_seed8_model_0	4832	110	244	1035	3443	1.4995456384515116	1.1734622088098705	1.9069724790919118	0.4051621545233687	0.17595968798553166	0.1599585319641154	0.645516894994436	0.06946910776536025	0.28034442547140437	9.177783686524525e-4	0.0010152415582438633	gpa_ssDNA_30nt_2rep	8	0	gpa	30nt	30	ssDNA	2rep	+ 2Rep	A	A-ssDNA-2rep	A-ssDNA-2rep-s8-m0	A-ssDNA-2rep	0.26	0.43	0.31	0	0.04	10	0.55	0.12	NA	NA	0.785	0.34	0.16	0.2	NA	0.185	0.22	0.58	0.02	NA	NA	0.33	NA	NA	0.27	0.12	0.018174	0.238304	0.018174	0.58	0.123448	0.0395	0.01	0	NA	NA	NA	NA	NA	NA	NA	NA	0.241577	0.715912	0.295879	0.33	0.278812	0.1831	0.0208	0.2799	NA	NA	NA	NA	NA	NA	NA	NA	NA	NA	NA	NA	NA	NA	NA	NA	0	0	0	0.12	0.141746	0.0864	0.0117	0
gpa_ssDNA_30nt_2rep_seed8_model_1	4832	89	136	1056	3551	2.2001843478028875	1.6499111477525117	2.922506272287998	0.7885411513095688	0.3424590707673829	0.5007214366155716	1.072441560568113	0.2174605568928116	0.4657554519184435	5.416080562717323e-8	7.164127728462067e-8	gpa_ssDNA_30nt_2rep	8	1	gpa	30nt	30	ssDNA	2rep	+ 2Rep	A	A-ssDNA-2rep	A-ssDNA-2rep-s8-m1	A-ssDNA-2rep	0.26	0.42	0.31	0	0.04	10	0.54	0.11	NA	NA	0.765	0.3	0.12	0.19	NA	0.17	0.15	0.55	0	NA	NA	0.3	NA	NA	0.21	0.1	0	0	0	0.55	0.0963	0.0226	0.0086	0	NA	NA	NA	NA	NA	NA	NA	NA	0.005882	0.429077	0.01733	0.3	0.194599	0.1116	0.01	0.0333	NA	NA	NA	NA	NA	NA	NA	NA	NA	NA	NA	NA	NA	NA	NA	NA	0	0	0	0.1	0.12415	0.0898	0.0109	0
gpa_ssDNA_30nt_2rep_seed8_model_2	4832	97	134	1048	3553	2.453606003940528	1.8522305135880357	3.2409832872056494	0.8975587808073008	0.38980482568842106	0.6163905958587148	1.1758767674678208	0.26769503447849724	0.5106767915095077	3.0989843572863765e-10	4.530678884921603e-10	gpa_ssDNA_30nt_2rep	8	2	gpa	30nt	30	ssDNA	2rep	+ 2Rep	A	A-ssDNA-2rep	A-ssDNA-2rep-s8-m2	A-ssDNA-2rep	0.26	0.43	0.31	0	0.03	10	0.56	0.12	NA	NA	0.775	0.32	0.17	0.21	NA	0.18	0.25	0.56	0.02	NA	NA	0.33	NA	NA	0.29	0.15	0.017698	0.233433	0.017698	0.56	0.134383	0.0352	0.0099	0	NA	NA	NA	NA	NA	NA	NA	NA	0.235319	0.712545	0.29404	0.33	0.281166	0.2507	0.0146	0.2688	NA	NA	NA	NA	NA	NA	NA	NA	NA	NA	NA	NA	NA	NA	NA	NA	0.019186	0.290342	0.019186	0.15	0.151222	0.1024	0.0124	0
gpa_ssDNA_30nt_2rep_seed8_model_3	4832	65	229	1080	3458	0.908841102400859	0.673322904551753	1.213040161055099	-0.09558500492434394	-0.041512040191337723	-0.3955302656644168	0.19312973828035504	-0.17177661180378345	0.08387517962657741	0.5712501074400926	0.5829082728980537	gpa_ssDNA_30nt_2rep	8	3	gpa	30nt	30	ssDNA	2rep	+ 2Rep	A	A-ssDNA-2rep	A-ssDNA-2rep-s8-m3	A-ssDNA-2rep	0.24	0.42	0.28	0	0.01	10	0.53	0.09	NA	NA	0.79	0.23	0.13	0.17	NA	0.14500000000000002	0.13	0.48	0	NA	NA	0.16	NA	NA	0.27	0.1	0	0	0	0.48	0.088971	0.0214	0.0083	0	NA	NA	NA	NA	NA	NA	NA	NA	0	0	0	0.16	0.135903	0.1796	0.0089	0	NA	NA	NA	NA	NA	NA	NA	NA	NA	NA	NA	NA	NA	NA	NA	NA	0	0	0	0.1	0.145013	0.068	0.0114	0
gpa_ssDNA_30nt_2rep_seed8_model_4	4832	188	327	957	3360	2.0182471648196074	1.6539329831202718	2.45785176641772	0.7022293945203462	0.30497435107044796	0.5031560777154886	0.899287702741813	0.21851790808792046	0.3905556869442212	4.729489393896043e-12	7.778765450486913e-12	gpa_ssDNA_30nt_2rep	8	4	gpa	30nt	30	ssDNA	2rep	+ 2Rep	A	A-ssDNA-2rep	A-ssDNA-2rep-s8-m4	A-ssDNA-2rep	0.22	0.42	0.27	0	0.02	10	0.54	0.13	NA	NA	0.765	0.32	0.14	0.2	NA	0.14	0.3	0.59	0.02	NA	NA	0.23	NA	NA	0.12	0.1	0.023121	0.285732	0.023121	0.59	0.155162	0.0347	0.0093	0	NA	NA	NA	NA	NA	NA	NA	NA	0.005346	0.404155	0.005346	0.23	0.169791	0.0997	0.0104	0	NA	NA	NA	NA	NA	NA	NA	NA	NA	NA	NA	NA	NA	NA	NA	NA	0	0	0	0.1	0.096877	0	0	0
gpa_ssDNA_30nt_2rep_seed9_model_0	4832	67	113	1078	3574	1.9655360313815826	1.4193101726767074	2.7045137037996017	0.6757649976280987	0.29348100953324735	0.3501709596874461	0.9949221193527807	0.15207731551502388	0.43208918635840116	3.419683889748029e-5	3.976376615986081e-5	gpa_ssDNA_30nt_2rep	9	0	gpa	30nt	30	ssDNA	2rep	+ 2Rep	A	A-ssDNA-2rep	A-ssDNA-2rep-s9-m0	A-ssDNA-2rep	0.28	0.43	0.33	0	0.04	10	0.44	0.13	NA	NA	0.77	0.35	0.2	0.24	NA	0.175	0.28	0.66	0.06	NA	NA	0.3	NA	NA	0.36	0.11	0.112627	0.379976	0.174026	0.66	0.18593	0.0427	0.0353	0.108	NA	NA	NA	NA	NA	NA	NA	NA	0.202798	0.668544	0.252364	0.3	0.257104	0.1581	0.0208	0.2318	NA	NA	NA	NA	NA	NA	NA	NA	NA	NA	NA	NA	NA	NA	NA	NA	0.04381	0.371514	0.283515	0.11	0.203342	0.1548	0.0173	0.0641
gpa_ssDNA_30nt_2rep_seed9_model_1	4832	150	240	995	3447	2.1648190845206092	1.7320122420439943	2.6995534999118154	0.7723367942309898	0.3354216079053661	0.5492838782699953	0.9930863889320592	0.23855095733107642	0.4312919387664199	1.150388925440519e-11	1.8202356415198086e-11	gpa_ssDNA_30nt_2rep	9	1	gpa	30nt	30	ssDNA	2rep	+ 2Rep	A	A-ssDNA-2rep	A-ssDNA-2rep-s9-m1	A-ssDNA-2rep	0.25	0.43	0.3	0	0.04	10	0.44	0.12	NA	NA	0.775	0.35	0.17	0.23	NA	0.165	0.29	0.65	0.06	NA	NA	0.3	NA	NA	0.22	0.11	0.087919	0.376089	0.175851	0.65	0.193661	0.0447	0.0124	0.1126	NA	NA	NA	NA	NA	NA	NA	NA	0.181625	0.656126	0.232784	0.3	0.252089	0.2586	0.0132	0.2127	NA	NA	NA	NA	NA	NA	NA	NA	NA	NA	NA	NA	NA	NA	NA	NA	0	0	0	0.11	0.128965	0.0748	0.0109	0
gpa_ssDNA_30nt_2rep_seed9_model_2	4832	129	312	1016	3375	1.3733607934158587	1.096570451543581	1.7126930220521819	0.31726086969914624	0.1377846450341658	0.0921875381055154	0.5380669984096554	0.0400365390994711	0.23367952830355915	0.004773295608729297	0.005211021406909714	gpa_ssDNA_30nt_2rep	9	2	gpa	30nt	30	ssDNA	2rep	+ 2Rep	A	A-ssDNA-2rep	A-ssDNA-2rep-s9-m2	A-ssDNA-2rep	0.25	0.42	0.3	0	0.03	10	0.46	0.13	NA	NA	0.765	0.36	0.2	0.25	NA	0.16999999999999998	0.31	0.68	0.08	NA	NA	0.31	NA	NA	0.28	0.11	0.148372	0.399599	0.192825	0.68	0.206535	0.0382	0.0137	0.134	NA	NA	NA	NA	NA	NA	NA	NA	0.202951	0.677241	0.253145	0.31	0.264259	0.1013	0.0242	0.2435	NA	NA	NA	NA	NA	NA	NA	NA	NA	NA	NA	NA	NA	NA	NA	NA	0.017698	0.2737	0.017698	0.11	0.148766	0.089	0.0116	0
gpa_ssDNA_30nt_2rep_seed9_model_3	4832	29	99	1116	3588	0.9418074913218492	0.5967166034717816	1.4460761661297001	-0.05995438694455017	-0.026037859415910504	-0.5163129793480409	0.3688537960213556	-0.22423187786588178	0.16019116824114235	0.8337183927336264	0.8404419281588975	gpa_ssDNA_30nt_2rep	9	3	gpa	30nt	30	ssDNA	2rep	+ 2Rep	A	A-ssDNA-2rep	A-ssDNA-2rep-s9-m3	A-ssDNA-2rep	0.24	0.43	0.3	0	0.04	10	0.45	0.12	NA	NA	0.74	0.37	0.21	0.24	NA	0.195	0.27	0.68	0.05	NA	NA	0.3	NA	NA	0.28	0.11	0.053214	0.349175	0.155046	0.68	0.173586	0.0302	0.0192	0.0851	NA	NA	NA	NA	NA	NA	NA	NA	0.203758	0.673583	0.265769	0.3	0.256352	0.2042	0.0215	0.2548	NA	NA	NA	NA	NA	NA	NA	NA	NA	NA	NA	NA	NA	NA	NA	NA	0.023726	0.336693	0.089081	0.11	0.170302	0.1208	0.0131	0
gpa_ssDNA_30nt_2rep_seed9_model_4	4832	121	231	1024	3456	1.7675791537886911	1.3911120470924283	2.2376939006546746	0.569610900693188	0.24737887100299272	0.3301034611655271	0.805445826922624	0.1433621116413528	0.3498006781044972	2.4671929628080423e-6	2.994166217000051e-6	gpa_ssDNA_30nt_2rep	9	4	gpa	30nt	30	ssDNA	2rep	+ 2Rep	A	A-ssDNA-2rep	A-ssDNA-2rep-s9-m4	A-ssDNA-2rep	0.24	0.43	0.3	0	0.04	10	0.45	0.12	NA	NA	0.775	0.37	0.2	0.24	NA	0.175	0.3	0.68	0.06	NA	NA	0.3	NA	NA	0.28	0.1	0.089557	0.392615	0.188695	0.68	0.206765	0.034	0.0132	0.1313	NA	NA	NA	NA	NA	NA	NA	NA	0.154455	0.651824	0.223798	0.3	0.244926	0.1277	0.0187	0.176	NA	NA	NA	NA	NA	NA	NA	NA	NA	NA	NA	NA	NA	NA	NA	NA	0.021702	0.316647	0.052466	0.1	0.153324	0.104	0.0136	0
gpa_ssDNA_30nt_gpc_seed10_model_0	4832	398	517	747	3170	3.2659032026458266	2.793679197164972	3.8173799137585918	1.1835363562173988	0.5140033086370976	1.0273594357619409	1.3395643008401303	0.4461765338826492	0.5817653840094561	4.266091906606284e-50	1.5918253382859269e-49	gpa_ssDNA_30nt_gpc	10	0	gpa	30nt	30	ssDNA	gpc	+ C	A	A-ssDNA-gpc	A-ssDNA-gpc-s10-m0	A-C-DNA	0.38	0.76	0.49	0	0.07	10	0.84	0.15	NA	0.54	NA	0.55	0.23	0.33	0.17	NA	0.5	0.84	0.07	0.31	0.1	NA	0.1	NA	NA	NA	0.110422	0.325895	0.295498	0.84	0.303701	0.214	0.023	0.064	0.004669	0.256025	0.004669	0.31	0.15729	0.0951	0.0116	0	NA	NA	NA	NA	NA	NA	NA	NA	0	0	0	0.1	0.030545	0	0	0	NA	NA	NA	NA	NA	NA	NA	NA	NA	NA	NA	NA	NA	NA	NA	NA
gpa_ssDNA_30nt_gpc_seed10_model_1	4832	272	383	873	3304	2.687164862686864	2.25216765719961	3.203936440719531	0.9884866834217577	0.42929431204491597	0.811893155641137	1.1643801915310488	0.3526007173899638	0.505683892019386	6.276373691409409e-28	1.6176220854147963e-27	gpa_ssDNA_30nt_gpc	10	1	gpa	30nt	30	ssDNA	gpc	+ C	A	A-ssDNA-gpc	A-ssDNA-gpc-s10-m1	A-C-DNA	0.38	0.77	0.49	0	0.07	10	0.85	0.13	NA	0.53	NA	0.55	0.21	0.35	0.2	NA	0.45	0.85	0.07	0.35	0.12	NA	0.13	NA	NA	NA	0.042233	0.323204	0.292232	0.85	0.27428399999999997	0.15310000000000001	0.0189	0.0562	0.0053	0.281006	0.08881	0.35	0.181092	0.0966	0.0147	0	NA	NA	NA	NA	NA	NA	NA	NA	0	0	0	0.12	0.035197	0.0188	0.0082	0	NA	NA	NA	NA	NA	NA	NA	NA	NA	NA	NA	NA	NA	NA	NA	NA
gpa_ssDNA_30nt_gpc_seed10_model_2	4832	350	393	795	3294	3.6888121530669173	3.121418163907605	4.359621447459105	1.3053044964904112	0.5668865400292882	1.1382874382634842	1.4723852296142537	0.4943519532576196	0.6394487804573228	3.6536208410844946e-53	1.5481444241883453e-52	gpa_ssDNA_30nt_gpc	10	2	gpa	30nt	30	ssDNA	gpc	+ C	A	A-ssDNA-gpc	A-ssDNA-gpc-s10-m2	A-C-DNA	0.36	0.76	0.48	0	0.08	10	0.84	0.14	NA	0.53	NA	0.55	0.23	0.36	0.18	NA	0.47	0.85	0.12	0.34	0.11	NA	0.1	NA	NA	NA	0.067427	0.339123	0.303799	0.85	0.269074	0.1554	0.0176	0.0752	0.005079	0.272413	0.039382	0.34	0.172414	0.1097	0.0151	0	NA	NA	NA	NA	NA	NA	NA	NA	0	0	0	0.11	0.031049	0.0183	0.0081	0	NA	NA	NA	NA	NA	NA	NA	NA	NA	NA	NA	NA	NA	NA	NA	NA
gpa_ssDNA_30nt_gpc_seed10_model_3	4832	350	376	795	3311	3.8754320373441056	3.274975895083794	4.586210819070327	1.3546571500985274	0.5883201251585756	1.1863105087803707	1.523054153520925	0.5152081077871542	0.6614540145139659	3.253451608182733e-56	1.6599242898891494e-55	gpa_ssDNA_30nt_gpc	10	3	gpa	30nt	30	ssDNA	gpc	+ C	A	A-ssDNA-gpc	A-ssDNA-gpc-s10-m3	A-C-DNA	0.36	0.77	0.47	0	0.06	10	0.84	0.12	NA	0.53	NA	0.54	0.17	0.35	0.2	NA	0.37	0.87	0.04	0.37	0.14	NA	0.1	NA	NA	NA	0.023627	0.2901	0.208076	0.87	0.211744	0.1202	0.0133	0	0.00512	0.273562	0.110622	0.37	0.189452	0.1132	0.0156	0	NA	NA	NA	NA	NA	NA	NA	NA	0	0	0	0.14	0.030377	0.0183	0.0079	0	NA	NA	NA	NA	NA	NA	NA	NA	NA	NA	NA	NA	NA	NA	NA	NA
gpa_ssDNA_30nt_gpc_seed10_model_4	4832	381	447	764	3240	3.613493262851506	3.076209245562416	4.245003918442649	1.2846749673006677	0.5579272493379205	1.1236980745451373	1.4457427428353578	0.48801587310026207	0.627878095465068	2.3325330380587188e-55	1.1662665190293594e-54	gpa_ssDNA_30nt_gpc	10	4	gpa	30nt	30	ssDNA	gpc	+ C	A	A-ssDNA-gpc	A-ssDNA-gpc-s10-m4	A-C-DNA	0.34	0.76	0.45	0	0.06	10	0.84	0.12	NA	0.54	NA	0.51	0.17	0.32	0.17	NA	0.38	0.83	0.04	0.32	0.1	NA	0.08	NA	NA	NA	0.021418	0.269818	0.157736	0.83	0.203287	0.1503	0.0135	0	0.004897	0.264806	0.011474	0.32	0.163632	0.1079	0.0133	0	NA	NA	NA	NA	NA	NA	NA	NA	0	0	0	0.1	0.02755	0	0	0	NA	NA	NA	NA	NA	NA	NA	NA	NA	NA	NA	NA	NA	NA	NA	NA
gpa_ssDNA_30nt_gpc_seed1_model_0	4832	399	488	746	3199	3.5050258652015374	2.9939014989844464	4.10274587312087	1.254197899974742	0.5446912271736771	1.0965773859854444	1.4116564746958855	0.47623750771337076	0.6130746173034205	4.988660317408714e-55	2.3531416591550537e-54	gpa_ssDNA_30nt_gpc	1	0	gpa	30nt	30	ssDNA	gpc	+ C	A	A-ssDNA-gpc	A-ssDNA-gpc-s1-m0	A-C-DNA	0.38	0.76	0.49	0	0.07	10	0.86	0.14	NA	0.53	NA	0.5	0.18	0.31	0.09	NA	0.44	0.83	0.07	0.21	0.02	NA	0.04	NA	NA	NA	0.100171	0.332032	0.288499	0.83	0.233502	0.2254	0.0175	0.0671	0	0	0	0.21	0.11577	0.1867	0.0098	0	NA	NA	NA	NA	NA	NA	NA	NA	0	0	0	0.02	0.020616	0	0	0	NA	NA	NA	NA	NA	NA	NA	NA	NA	NA	NA	NA	NA	NA	NA	NA
gpa_ssDNA_30nt_gpc_seed1_model_1	4832	309	284	836	3403	4.427154387700912	3.6908636848156404	5.311816124287092	1.4877570272555174	0.646124667349857	1.3058604915900986	1.6699337964182168	0.5671280056330477	0.7252430329281799	1.5577588103234953e-58	9.272373870973187e-58	gpa_ssDNA_30nt_gpc	1	1	gpa	30nt	30	ssDNA	gpc	+ C	A	A-ssDNA-gpc	A-ssDNA-gpc-s1-m1	A-C-DNA	0.35	0.76	0.48	0	0.09	10	0.85	0.13	NA	0.53	NA	0.48	0.17	0.29	0.09	NA	0.42	0.8	0.04	0.21	0.03	NA	0.05	NA	NA	NA	0.056268	0.318804	0.279512	0.8	0.245728	0.1665	0.0173	0.0305	0	0	0	0.21	0.115543	0.08	0.0106	0	NA	NA	NA	NA	NA	NA	NA	NA	0	0	0	0.03	0.021817	0	0	0	NA	NA	NA	NA	NA	NA	NA	NA	NA	NA	NA	NA	NA	NA	NA	NA
gpa_ssDNA_30nt_gpc_seed1_model_2	4832	370	445	775	3242	3.4770910447401406	2.957305766011755	4.087707447234614	1.2461960375377072	0.541216062472324	1.0842786396542803	1.407984286552583	0.4708962300474183	0.6114798062562736	1.7268783417399068e-51	6.74561852242151e-51	gpa_ssDNA_30nt_gpc	1	2	gpa	30nt	30	ssDNA	gpc	+ C	A	A-ssDNA-gpc	A-ssDNA-gpc-s1-m2	A-C-DNA	0.33	0.76	0.46	0	0.08	10	0.85	0.13	NA	0.55	NA	0.49	0.15	0.33	0.19	NA	0.34	0.81	0.03	0.32	0.17	NA	0.07	NA	NA	NA	0.020545	0.261666	0.125308	0.81	0.182461	0.1707	0.0124	0	0.004781	0.260349	0.027032	0.32	0.16254	0.2281	0.0145	0	NA	NA	NA	NA	NA	NA	NA	NA	0	0	0	0.17	0.026417	0	0	0	NA	NA	NA	NA	NA	NA	NA	NA	NA	NA	NA	NA	NA	NA	NA	NA
gpa_ssDNA_30nt_gpc_seed1_model_3	4832	301	406	844	3281	2.8812561339020606	2.4284060146596227	3.417029615619249	1.0582263566636567	0.4595818673036086	0.8872350810704581	1.2287716402361422	0.3853212998598842	0.5336487428737643	9.680881166975308e-34	2.630674230156334e-33	gpa_ssDNA_30nt_gpc	1	3	gpa	30nt	30	ssDNA	gpc	+ C	A	A-ssDNA-gpc	A-ssDNA-gpc-s1-m3	A-C-DNA	0.3	0.76	0.43	0	0.07	10	0.85	0.14	NA	0.53	NA	0.5	0.16	0.32	0.12	NA	0.38	0.84	0.07	0.28	0.04	NA	0.04	NA	NA	NA	0.021084	0.266595	0.160407	0.84	0.20367	0.128	0.0133	0.0042	0	0	0	0.28	0.143799	0.2264	0.0115	0	NA	NA	NA	NA	NA	NA	NA	NA	0	0	0	0.04	0.021932	0	0	0	NA	NA	NA	NA	NA	NA	NA	NA	NA	NA	NA	NA	NA	NA	NA	NA
gpa_ssDNA_30nt_gpc_seed1_model_4	4832	402	561	743	3126	3.0142038958170776	2.583670420977984	3.515179349832536	1.10333574749052	0.4791726268217325	0.9492110317245133	1.2570905480953756	0.4122371132396486	0.545947488290556	9.848385875979994e-45	3.1565339346089724e-44	gpa_ssDNA_30nt_gpc	1	4	gpa	30nt	30	ssDNA	gpc	+ C	A	A-ssDNA-gpc	A-ssDNA-gpc-s1-m4	A-C-DNA	0.28	0.76	0.41	0	0.07	10	0.86	0.13	NA	0.53	NA	0.49	0.17	0.31	0.1	NA	0.4	0.84	0.07	0.24	0.03	NA	0.04	NA	NA	NA	0.021438	0.269939	0.180345	0.84	0.209181	0.1766	0.0141	0	0	0	0	0.24	0.127418	0.1618	0.0105	0	NA	NA	NA	NA	NA	NA	NA	NA	0	0	0	0.03	0.020301	0	0	0	NA	NA	NA	NA	NA	NA	NA	NA	NA	NA	NA	NA	NA	NA	NA	NA
gpa_ssDNA_30nt_gpc_seed2_model_0	4832	147	302	998	3385	1.6507766649141316	1.3292526574906258	2.0436207942614852	0.5012458831737322	0.2176883211390739	0.2846168726409562	0.714723133731744	0.12360753724452787	0.31040031306829635	5.008352730203935e-6	5.990852548090831e-6	gpa_ssDNA_30nt_gpc	2	0	gpa	30nt	30	ssDNA	gpc	+ C	A	A-ssDNA-gpc	A-ssDNA-gpc-s2-m0	A-C-DNA	0.4	0.76	0.52	0	0.1	10	0.83	0.14	NA	0.57	NA	0.54	0.18	0.35	0.24	NA	0.42	0.78	0.04	0.4	0.24	NA	0.09	NA	NA	NA	0.042713	0.366421	0.318554	0.78	0.263281	0.1568	0.026	0.0805	0.137482	0.302819	0.162851	0.4	0.219538	0.254	0.0207	0.0227	NA	NA	NA	NA	NA	NA	NA	NA	0	0	0	0.24	0.028626	0	0	0	NA	NA	NA	NA	NA	NA	NA	NA	NA	NA	NA	NA	NA	NA	NA	NA
gpa_ssDNA_30nt_gpc_seed2_model_1	4832	216	367	929	3320	2.1029934632877976	1.742107636207578	2.5346981052140287	0.7433617884360352	0.3228379227755026	0.5550956653891832	0.930074539305939	0.24107498440693617	0.40392624017927836	1.2575978789359746e-14	2.510273480012924e-14	gpa_ssDNA_30nt_gpc	2	1	gpa	30nt	30	ssDNA	gpc	+ C	A	A-ssDNA-gpc	A-ssDNA-gpc-s2-m1	A-C-DNA	0.42	0.74	0.51	0	0.06	10	0.83	0.13	NA	0.55	NA	0.49	0.22	0.29	0.08	NA	0.52	0.75	0.11	0.19	0.02	NA	0.04	NA	NA	NA	0.247085	0.40858	0.37622	0.75	0.353455	0.1162	0.0283	0.1281	0	0	0	0.19	0.110864	0.0721	0.0102	0	NA	NA	NA	NA	NA	NA	NA	NA	0	0	0	0.02	0.020718	0	0	0	NA	NA	NA	NA	NA	NA	NA	NA	NA	NA	NA	NA	NA	NA	NA	NA
gpa_ssDNA_30nt_gpc_seed2_model_2	4832	257	296	888	3391	3.314755913063992	2.7486361176692404	3.9951566206244635	1.1983839898753408	0.5204515540040628	1.0111048314398376	1.3850827826110925	0.4391172489200391	0.6015338094671988	4.993174335259418e-36	1.3869928709053938e-35	gpa_ssDNA_30nt_gpc	2	2	gpa	30nt	30	ssDNA	gpc	+ C	A	A-ssDNA-gpc	A-ssDNA-gpc-s2-m2	A-C-DNA	0.38	0.75	0.5	0	0.08	10	0.84	0.13	NA	0.54	NA	0.52	0.23	0.35	0.14	NA	0.47	0.84	0.14	0.26	0.07	NA	0.08	NA	NA	NA	0.151974	0.348942	0.314677	0.84	0.290636	0.1574	0.0206	0.08	0	0	0	0.26	0.136371	0.0897	0.0122	0	NA	NA	NA	NA	NA	NA	NA	NA	0	0	0	0.07	0.027232	0	0	0	NA	NA	NA	NA	NA	NA	NA	NA	NA	NA	NA	NA	NA	NA	NA	NA
gpa_ssDNA_30nt_gpc_seed2_model_3	4832	108	188	1037	3499	1.9381250136886743	1.4997204762407437	2.4950438004577142	0.6617210179354202	0.28738178664875574	0.40527874157016236	0.9143062843430627	0.17601032109661555	0.3970781740596577	3.1470401697728564e-7	4.014081849200072e-7	gpa_ssDNA_30nt_gpc	2	3	gpa	30nt	30	ssDNA	gpc	+ C	A	A-ssDNA-gpc	A-ssDNA-gpc-s2-m3	A-C-DNA	0.32	0.74	0.45	0	0.1	10	0.83	0.13	NA	0.54	NA	0.5	0.17	0.31	0.14	NA	0.39	0.84	0.04	0.27	0.07	NA	0.07	NA	NA	NA	0.034074	0.367186	0.313354	0.84	0.239244	0.0791	0.0228	0.0655	0.004545	0.250877	0.004545	0.27	0.143189	0.0764	0.013	0	NA	NA	NA	NA	NA	NA	NA	NA	0	0	0	0.07	0.026112	0	0	0	NA	NA	NA	NA	NA	NA	NA	NA	NA	NA	NA	NA	NA	NA	NA	NA
gpa_ssDNA_30nt_gpc_seed2_model_4	4832	173	307	972	3380	1.9593079702591853	1.5949066490123676	2.401424940777691	0.6725913344979038	0.2921027051483839	0.46681520725904735	0.8760622864927912	0.20273526858112711	0.38046901682736495	1.2348372960133693e-10	1.8266823905523214e-10	gpa_ssDNA_30nt_gpc	2	4	gpa	30nt	30	ssDNA	gpc	+ C	A	A-ssDNA-gpc	A-ssDNA-gpc-s2-m4	A-C-DNA	0.29	0.73	0.4	0	0.05	10	0.83	0.13	NA	0.55	NA	0.45	0.13	0.31	0.09	NA	0.31	0.84	0.04	0.19	0.04	NA	0.05	NA	NA	NA	0.021709	0.272681	0.136065	0.84	0.166444	0.1064	0.0131	0	0	0	0	0.19	0.108953	0.0554	0.0097	0	NA	NA	NA	NA	NA	NA	NA	NA	0	0	0	0.04	0.02218	0.019	0.0083	0	NA	NA	NA	NA	NA	NA	NA	NA	NA	NA	NA	NA	NA	NA	NA	NA
gpa_ssDNA_30nt_gpc_seed3_model_0	4832	310	459	835	3228	2.610123990704335	2.209632645410641	3.0818263118502633	0.9593977262232136	0.4166611384492684	0.7928262779168651	1.1255223796480616	0.34432007760718847	0.48880815873977	1.9115917724633796e-29	4.978103574123384e-29	gpa_ssDNA_30nt_gpc	3	0	gpa	30nt	30	ssDNA	gpc	+ C	A	A-ssDNA-gpc	A-ssDNA-gpc-s3-m0	A-C-DNA	0.45	0.76	0.55	0	0.08	10	0.82	0.14	NA	0.54	NA	0.57	0.24	0.36	0.26	NA	0.46	0.81	0.11	0.45	0.16	NA	0.16	NA	NA	NA	0.044984	0.318947	0.277114	0.81	0.264668	0.1457	0.0157	0.0423	0.184863	0.32189	0.227438	0.45	0.26066	0.1416	0.0258	0.0511	NA	NA	NA	NA	NA	NA	NA	NA	0	0	0	0.16	0.040704	0.0189	0.0083	0	NA	NA	NA	NA	NA	NA	NA	NA	NA	NA	NA	NA	NA	NA	NA	NA
gpa_ssDNA_30nt_gpc_seed3_model_1	4832	128	217	1017	3470	2.0123265997248145	1.5865505851347261	2.5443137583406528	0.6992915649710337	0.30369846790840926	0.4615622162694753	0.9338609705541001	0.20045392358086844	0.40557066637646083	7.853420263790848e-9	1.0907528144153956e-8	gpa_ssDNA_30nt_gpc	3	1	gpa	30nt	30	ssDNA	gpc	+ C	A	A-ssDNA-gpc	A-ssDNA-gpc-s3-m1	A-C-DNA	0.37	0.75	0.49	0	0.09	10	0.82	0.13	NA	0.54	NA	0.51	0.15	0.33	0.2	NA	0.33	0.83	0.04	0.38	0.13	NA	0.09	NA	NA	NA	0.025851	0.307108	0.231578	0.83	0.188077	0.094	0.0159	0.0287	0.008856	0.288998	0.153157	0.38	0.196325	0.1226	0.0187	0.0125	NA	NA	NA	NA	NA	NA	NA	NA	0	0	0	0.13	0.028883	0.0184	0.0081	0	NA	NA	NA	NA	NA	NA	NA	NA	NA	NA	NA	NA	NA	NA	NA	NA
gpa_ssDNA_30nt_gpc_seed3_model_2	4832	308	350	837	3337	3.507308347523334	2.944997884298155	4.175679663441798	1.2548488907384916	0.5449739488701435	1.0801080986985907	1.4292771386921264	0.46908498712381086	0.6207271744444592	4.6125762505904326e-45	1.4975896917501405e-44	gpa_ssDNA_30nt_gpc	3	2	gpa	30nt	30	ssDNA	gpc	+ C	A	A-ssDNA-gpc	A-ssDNA-gpc-s3-m2	A-C-DNA	0.38	0.75	0.49	0	0.08	10	0.82	0.13	NA	0.54	NA	0.53	0.17	0.34	0.21	NA	0.39	0.84	0.04	0.38	0.15	NA	0.1	NA	NA	NA	0.023711	0.290615	0.222987	0.84	0.219756	0.1577	0.0154	0.0312	0.005095	0.272602	0.103274	0.38	0.194151	0.1332	0.0144	0.0042	NA	NA	NA	NA	NA	NA	NA	NA	0	0	0	0.15	0.030412	0	0	0	NA	NA	NA	NA	NA	NA	NA	NA	NA	NA	NA	NA	NA	NA	NA	NA
gpa_ssDNA_30nt_gpc_seed3_model_3	4832	410	444	735	3243	4.072897569316359	3.472875085922461	4.776797329394884	1.404354679643034	0.6099034880039786	1.2449828059174228	1.5637703071722118	0.5406891626743638	0.6791368153690447	1.492550552727075e-67	1.7768458961036608e-66	gpa_ssDNA_30nt_gpc	3	3	gpa	30nt	30	ssDNA	gpc	+ C	A	A-ssDNA-gpc	A-ssDNA-gpc-s3-m3	A-C-DNA	0.34	0.74	0.46	0	0.08	10	0.82	0.12	NA	0.54	NA	0.51	0.19	0.34	0.16	NA	0.38	0.83	0.11	0.32	0.09	NA	0.08	NA	NA	NA	0.021708	0.272582	0.200908	0.83	0.214671	0.1334	0.0138	0	0.005005	0.269524	0.024762	0.32	0.169019	0.1157	0.0144	0	NA	NA	NA	NA	NA	NA	NA	NA	0	0	0	0.09	0.027732	0	0	0	NA	NA	NA	NA	NA	NA	NA	NA	NA	NA	NA	NA	NA	NA	NA	NA
gpa_ssDNA_30nt_gpc_seed3_model_4	4832	401	480	744	3207	3.5998828934935765	3.074324837176211	4.215243135142464	1.2809013153478483	0.5562883731181876	1.1230853120045778	1.4387072730980215	0.4877497537101801	0.6248226297805455	2.7554774276829217e-57	1.5308207931571786e-56	gpa_ssDNA_30nt_gpc	3	4	gpa	30nt	30	ssDNA	gpc	+ C	A	A-ssDNA-gpc	A-ssDNA-gpc-s3-m4	A-C-DNA	0.33	0.74	0.44	0	0.06	10	0.82	0.12	NA	0.53	NA	0.5	0.16	0.33	0.17	NA	0.35	0.83	0.06	0.32	0.1	NA	0.08	NA	NA	NA	0.021504	0.270585	0.14817	0.83	0.196249	0.1109	0.0123	0	0.004971	0.268005	0.004971	0.32	0.161855	0.1108	0.0135	0	NA	NA	NA	NA	NA	NA	NA	NA	0	0	0	0.1	0.027288	0.0183	0.008	0	NA	NA	NA	NA	NA	NA	NA	NA	NA	NA	NA	NA	NA	NA	NA	NA
gpa_ssDNA_30nt_gpc_seed4_model_0	4832	466	430	679	3257	5.196086719844856	4.437610957138538	6.086160386589074	1.6479057884005777	0.7156763905987986	1.4901161589145147	1.8060174044941266	0.6471492252114428	0.7843433929930324	1.1167524420910421e-95	2.791881105227605e-93	gpa_ssDNA_30nt_gpc	4	0	gpa	30nt	30	ssDNA	gpc	+ C	A	A-ssDNA-gpc	A-ssDNA-gpc-s4-m0	A-C-DNA	0.47	0.76	0.57	0	0.09	10	0.82	0.13	NA	0.54	NA	0.58	0.22	0.38	0.27	NA	0.43	0.84	0.09	0.47	0.2	NA	0.14	NA	NA	NA	0.024111	0.294066	0.242037	0.84	0.24126	0.158	0.0158	0.0422	0.226702	0.324525	0.253871	0.47	0.27388	0.149	0.025	0.0529	NA	NA	NA	NA	NA	NA	NA	NA	0	0	0	0.2	0.039847	0.0183	0.0082	0	NA	NA	NA	NA	NA	NA	NA	NA	NA	NA	NA	NA	NA	NA	NA	NA
gpa_ssDNA_30nt_gpc_seed4_model_1	4832	407	489	738	3198	3.60551103598359	3.0817421514160146	4.2184026537312285	1.2824635182446535	0.5569668292158834	1.1254950706517373	1.4394565383187032	0.48879629859336005	0.6251480315313697	4.606375222940451e-58	2.617258649397983e-57	gpa_ssDNA_30nt_gpc	4	1	gpa	30nt	30	ssDNA	gpc	+ C	A	A-ssDNA-gpc	A-ssDNA-gpc-s4-m1	A-C-DNA	0.44	0.78	0.55	0	0.08	10	0.85	0.12	NA	0.54	NA	0.55	0.17	0.35	0.24	NA	0.36	0.84	0.03	0.45	0.18	NA	0.11	NA	NA	NA	0.022245	0.277069	0.18352	0.84	0.208225	0.1218	0.0133	0.0083	0.141377	0.330338	0.240247	0.45	0.245562	0.1625	0.0275	0.0486	NA	NA	NA	NA	NA	NA	NA	NA	0	0	0	0.18	0.032496	0	0	0	NA	NA	NA	NA	NA	NA	NA	NA	NA	NA	NA	NA	NA	NA	NA	NA
gpa_ssDNA_30nt_gpc_seed4_model_2	4832	159	339	986	3348	1.5924286083845018	1.2932798069980722	1.9549831847524832	0.4652602775594495	0.20205997119284427	0.25718147776893735	0.670381592250714	0.11169249664277334	0.29114302628400085	1.0276596174671287e-5	1.2176061818330909e-5	gpa_ssDNA_30nt_gpc	4	2	gpa	30nt	30	ssDNA	gpc	+ C	A	A-ssDNA-gpc	A-ssDNA-gpc-s4-m2	A-C-DNA	0.41	0.76	0.52	0	0.08	10	0.83	0.13	NA	0.54	NA	0.53	0.15	0.34	0.22	NA	0.32	0.85	0.03	0.41	0.15	NA	0.1	NA	NA	NA	0.02396	0.292639	0.193284	0.85	0.175649	0.1189	0.0146	0.0101	0.090816	0.324613	0.233769	0.41	0.230682	0.1398	0.0247	0.0472	NA	NA	NA	NA	NA	NA	NA	NA	0	0	0	0.15	0.029699	0.0183	0.0078	0	NA	NA	NA	NA	NA	NA	NA	NA	NA	NA	NA	NA	NA	NA	NA	NA
gpa_ssDNA_30nt_gpc_seed4_model_3	4832	346	398	799	3289	3.577410360405302	3.0272052926351773	4.227431086941372	1.2746391756440683	0.5535687603999286	1.1076398482338228	1.4415945005202695	0.48104187402410453	0.6260765367180275	1.0383664797180596e-50	3.933206362568408e-50	gpa_ssDNA_30nt_gpc	4	3	gpa	30nt	30	ssDNA	gpc	+ C	A	A-ssDNA-gpc	A-ssDNA-gpc-s4-m3	A-C-DNA	0.35	0.76	0.47	0	0.07	10	0.83	0.12	NA	0.54	NA	0.52	0.18	0.33	0.17	NA	0.39	0.83	0.07	0.33	0.09	NA	0.08	NA	NA	NA	0.023999	0.292811	0.232878	0.83	0.223908	0.1134	0.0149	0.0056	0.005117	0.273878	0.089312	0.33	0.175397	0.1095	0.016	0	NA	NA	NA	NA	NA	NA	NA	NA	0	0	0	0.09	0.028319	0	0	0	NA	NA	NA	NA	NA	NA	NA	NA	NA	NA	NA	NA	NA	NA	NA	NA
gpa_ssDNA_30nt_gpc_seed4_model_4	4832	405	417	740	3270	4.290135627158322	3.650883919508635	5.042642988921118	1.4563183471624104	0.632471022067099	1.2949693080044378	1.6179303471960178	0.5623980247003999	0.7026582218910429	7.284884329841148e-71	1.0713065190942864e-69	gpa_ssDNA_30nt_gpc	4	4	gpa	30nt	30	ssDNA	gpc	+ C	A	A-ssDNA-gpc	A-ssDNA-gpc-s4-m4	A-C-DNA	0.3	0.74	0.43	0	0.07	10	0.82	0.12	NA	0.55	NA	0.49	0.15	0.3	0.13	NA	0.35	0.83	0.02	0.28	0.05	NA	0.06	NA	NA	NA	0.022054	0.275645	0.163215	0.83	0.199666	0.1319	0.0135	0	0	0	0	0.28	0.146317	0.0718	0.011	0	NA	NA	NA	NA	NA	NA	NA	NA	0	0	0	0.05	0.024899	0.0183	0.0082	0	NA	NA	NA	NA	NA	NA	NA	NA	NA	NA	NA	NA	NA	NA	NA	NA
gpa_ssDNA_30nt_gpc_seed5_model_0	4832	445	458	700	3229	4.4802018056813155	3.829381315181636	5.2423573222936755	1.499668091323365	0.6512975767481194	1.3427032536380277	1.656771267838213	0.5831286138885378	0.7195266193979903	1.2284660535977392e-79	3.4124057044381646e-78	gpa_ssDNA_30nt_gpc	5	0	gpa	30nt	30	ssDNA	gpc	+ C	A	A-ssDNA-gpc	A-ssDNA-gpc-s5-m0	A-C-DNA	0.5	0.78	0.58	0	0.06	10	0.85	0.13	NA	0.56	NA	0.6	0.23	0.37	0.29	NA	0.46	0.84	0.08	0.5	0.2	NA	0.16	NA	NA	NA	0.028165	0.324767	0.289887	0.84	0.27538	0.1878	0.0193	0.0515	0.271783	0.357561	0.291585	0.5	0.307455	0.1612	0.0249	0.0644	NA	NA	NA	NA	NA	NA	NA	NA	0	0	0	0.2	0.043857	0	0	0	NA	NA	NA	NA	NA	NA	NA	NA	NA	NA	NA	NA	NA	NA	NA	NA
gpa_ssDNA_30nt_gpc_seed5_model_1	4832	223	248	922	3439	3.3531884136371137	2.7448988808683885	4.094428185211944	1.2099116584604084	0.5254579568597672	1.0097442367122593	1.4096270702439553	0.43852635013774516	0.6121932581483973	1.653103335891186e-32	4.4438261717505e-32	gpa_ssDNA_30nt_gpc	5	1	gpa	30nt	30	ssDNA	gpc	+ C	A	A-ssDNA-gpc	A-ssDNA-gpc-s5-m1	A-C-DNA	0.45	0.76	0.54	0	0.07	10	0.83	0.15	NA	0.53	NA	0.55	0.26	0.36	0.19	NA	0.5	0.82	0.14	0.34	0.11	NA	0.12	NA	NA	NA	0.245109	0.392034	0.35896	0.82	0.322737	0.1205	0.0308	0.1192	0.0053	0.281006	0.081043	0.34	0.175096	0.0946	0.0129	0	NA	NA	NA	NA	NA	NA	NA	NA	0	0	0	0.11	0.034263	0	0	0	NA	NA	NA	NA	NA	NA	NA	NA	NA	NA	NA	NA	NA	NA	NA	NA
gpa_ssDNA_30nt_gpc_seed5_model_2	4832	459	466	686	3221	4.623004697111742	3.9557568502856864	5.404451253134429	1.531044861036665	0.6649243346945546	1.375171948344126	1.6872229201525157	0.5972295888339977	0.7327516039629285	2.6447121299636008e-84	1.6529450812272504e-82	gpa_ssDNA_30nt_gpc	5	2	gpa	30nt	30	ssDNA	gpc	+ C	A	A-ssDNA-gpc	A-ssDNA-gpc-s5-m2	A-C-DNA	0.37	0.77	0.49	0	0.07	10	0.84	0.13	NA	0.54	NA	0.55	0.24	0.35	0.17	NA	0.48	0.84	0.13	0.33	0.09	NA	0.1	NA	NA	NA	0.073356	0.311518	0.281606	0.84	0.285367	0.17	0.0198	0.0509	0.005109	0.273508	0.049533	0.33	0.169068	0.0942	0.0119	0	NA	NA	NA	NA	NA	NA	NA	NA	0	0	0	0.09	0.030417	0	0	0	NA	NA	NA	NA	NA	NA	NA	NA	NA	NA	NA	NA	NA	NA	NA	NA
gpa_ssDNA_30nt_gpc_seed5_model_3	4832	434	451	711	3236	4.378114139412346	3.7392172935745784	5.127048782561213	1.4766180698920142	0.641287079632732	1.3188763097314755	1.6345302075917207	0.5727807036293038	0.709867449661261	3.1159790811348664e-76	7.081770638942878e-75	gpa_ssDNA_30nt_gpc	5	3	gpa	30nt	30	ssDNA	gpc	+ C	A	A-ssDNA-gpc	A-ssDNA-gpc-s5-m3	A-C-DNA	0.34	0.76	0.46	0	0.09	10	0.84	0.12	NA	0.53	NA	0.52	0.17	0.33	0.16	NA	0.38	0.85	0.05	0.32	0.09	NA	0.08	NA	NA	NA	0.022495	0.279858	0.187327	0.85	0.21544	0.1793	0.0145	0	0.004672	0.256107	0.013798	0.32	0.166103	0.0792	0.0144	0	NA	NA	NA	NA	NA	NA	NA	NA	0	0	0	0.09	0.028523	0	0	0	NA	NA	NA	NA	NA	NA	NA	NA	NA	NA	NA	NA	NA	NA	NA	NA
gpa_ssDNA_30nt_gpc_seed5_model_4	4832	118	176	1027	3511	2.2916254256080544	1.780439858064617	2.9416659000477745	0.8292613586242901	0.36014363210612277	0.576860445049289	1.0789760535442279	0.25052730811316026	0.4685933461600058	1.0466910914178412e-10	1.557576028895597e-10	gpa_ssDNA_30nt_gpc	5	4	gpa	30nt	30	ssDNA	gpc	+ C	A	A-ssDNA-gpc	A-ssDNA-gpc-s5-m4	A-C-DNA	0.34	0.76	0.45	0	0.06	10	0.84	0.12	NA	0.55	NA	0.5	0.16	0.32	0.17	NA	0.36	0.82	0.03	0.32	0.09	NA	0.1	NA	NA	NA	0.02576	0.306388	0.247497	0.82	0.214709	0.0959	0.016	0.0126	0.004915	0.265755	0.016197	0.32	0.166941	0.0966	0.014	0	NA	NA	NA	NA	NA	NA	NA	NA	0	0	0	0.09	0.031241	0.0189	0.0086	0	NA	NA	NA	NA	NA	NA	NA	NA	NA	NA	NA	NA	NA	NA	NA	NA
gpa_ssDNA_30nt_gpc_seed6_model_0	4832	465	497	680	3190	4.387480171094122	3.7615139439229974	5.118560328994578	1.4787550693730245	0.6422151667151649	1.3248215210225662	1.6328732137680466	0.5753626760867735	0.7091478263870915	1.6731707731227682e-80	5.228658666008651e-79	gpa_ssDNA_30nt_gpc	6	0	gpa	30nt	30	ssDNA	gpc	+ C	A	A-ssDNA-gpc	A-ssDNA-gpc-s6-m0	A-C-DNA	0.4	0.77	0.51	0	0.07	10	0.84	0.14	NA	0.53	NA	0.57	0.24	0.39	0.24	NA	0.46	0.86	0.13	0.4	0.18	NA	0.13	NA	NA	NA	0.081163	0.297529	0.259565	0.86	0.253276	0.196	0.0186	0.038	0.067206	0.293553	0.14688	0.4	0.212462	0.1366	0.0215	0.0244	NA	NA	NA	NA	NA	NA	NA	NA	0	0	0	0.18	0.035748	0	0	0	NA	NA	NA	NA	NA	NA	NA	NA	NA	NA	NA	NA	NA	NA	NA	NA
gpa_ssDNA_30nt_gpc_seed6_model_1	4832	412	398	733	3289	4.6430211473854905	3.9465163539506998	5.46384414845661	1.5353652637087583	0.6668006617346448	1.3728332540702388	1.698152598519196	0.5962139068159896	0.737498302966555	6.919051180453457e-78	1.7297627951133644e-76	gpa_ssDNA_30nt_gpc	6	1	gpa	30nt	30	ssDNA	gpc	+ C	A	A-ssDNA-gpc	A-ssDNA-gpc-s6-m1	A-C-DNA	0.37	0.77	0.48	0	0.06	10	0.84	0.13	NA	0.55	NA	0.56	0.24	0.38	0.2	NA	0.47	0.85	0.14	0.35	0.14	NA	0.11	NA	NA	NA	0.07584	0.303961	0.268603	0.85	0.26664	0.1892	0.0197	0.0459	0.005076	0.272336	0.121752	0.35	0.185467	0.1271	0.0138	0	NA	NA	NA	NA	NA	NA	NA	NA	0	0	0	0.14	0.032293	0	0	0	NA	NA	NA	NA	NA	NA	NA	NA	NA	NA	NA	NA	NA	NA	NA	NA
gpa_ssDNA_30nt_gpc_seed6_model_2	4832	414	504	731	3183	3.575605345198291	3.0595629927899637	4.17870387358798	1.2741344891399105	0.5533495778360819	1.118272092951831	1.4300011203635141	0.4856593992353806	0.621041595689342	3.573905408317969e-58	2.0778519815802142e-57	gpa_ssDNA_30nt_gpc	6	2	gpa	30nt	30	ssDNA	gpc	+ C	A	A-ssDNA-gpc	A-ssDNA-gpc-s6-m2	A-C-DNA	0.36	0.76	0.47	0	0.06	10	0.84	0.12	NA	0.54	NA	0.54	0.22	0.38	0.21	NA	0.42	0.85	0.15	0.36	0.15	NA	0.11	NA	NA	NA	0.073796	0.297716	0.247659	0.85	0.230315	0.1912	0.0161	0.0562	0.005174	0.275379	0.106504	0.36	0.182499	0.0978	0.0143	0.0083	NA	NA	NA	NA	NA	NA	NA	NA	0	0	0	0.15	0.030904	0.0183	0.0084	0	NA	NA	NA	NA	NA	NA	NA	NA	NA	NA	NA	NA	NA	NA	NA	NA
gpa_ssDNA_30nt_gpc_seed6_model_3	4832	378	381	767	3306	4.274740362571319	3.621503008989255	5.046684590050644	1.4527233666428996	0.6309097418649259	1.2868891355211174	1.618731510864076	0.5588888503780673	0.703006162851182	1.1601935738078359e-66	1.2610799715302563e-65	gpa_ssDNA_30nt_gpc	6	3	gpa	30nt	30	ssDNA	gpc	+ C	A	A-ssDNA-gpc	A-ssDNA-gpc-s6-m3	A-C-DNA	0.32	0.75	0.45	0	0.07	10	0.84	0.13	NA	0.54	NA	0.52	0.21	0.36	0.16	NA	0.4	0.84	0.14	0.3	0.09	NA	0.08	NA	NA	NA	0.024685	0.299244	0.250209	0.84	0.222918	0.159	0.016	0.0425	0.004799	0.261315	0.004799	0.3	0.155148	0.0976	0.0122	0	NA	NA	NA	NA	NA	NA	NA	NA	0	0	0	0.09	0.026936	0.0188	0.008	0	NA	NA	NA	NA	NA	NA	NA	NA	NA	NA	NA	NA	NA	NA	NA	NA
gpa_ssDNA_30nt_gpc_seed6_model_4	4832	456	517	689	3170	4.0565782741340755	3.4800414414708123	4.729471703531658	1.4003398286446496	0.6081598603697166	1.247044202184102	1.5538135056807105	0.5415844156979985	0.6748126314238796	1.5986421548227053e-72	2.854718133611974e-71	gpa_ssDNA_30nt_gpc	6	4	gpa	30nt	30	ssDNA	gpc	+ C	A	A-ssDNA-gpc	A-ssDNA-gpc-s6-m4	A-C-DNA	0.28	0.74	0.41	0	0.08	10	0.83	0.12	NA	0.53	NA	0.49	0.16	0.32	0.12	NA	0.38	0.85	0.06	0.26	0.04	NA	0.05	NA	NA	NA	0.022413	0.279018	0.172469	0.85	0.204583	0.1813	0.0133	0	0	0	0	0.26	0.140252	0.0807	0.0113	0	NA	NA	NA	NA	NA	NA	NA	NA	0	0	0	0.04	0.023698	0	0	0	NA	NA	NA	NA	NA	NA	NA	NA	NA	NA	NA	NA	NA	NA	NA	NA
gpa_ssDNA_30nt_gpc_seed7_model_0	4832	217	345	928	3342	2.2647216118656526	1.87318702620538	2.7343508446715967	0.8174518427125219	0.3550148245116932	0.6276412722971683	1.0058940565761494	0.2725811411733965	0.4368542381502991	3.340860845089566e-17	7.879388785588599e-17	gpa_ssDNA_30nt_gpc	7	0	gpa	30nt	30	ssDNA	gpc	+ C	A	A-ssDNA-gpc	A-ssDNA-gpc-s7-m0	A-C-DNA	0.4	0.77	0.5	0	0.06	10	0.84	0.14	NA	0.58	NA	0.57	0.22	0.36	0.23	NA	0.46	0.84	0.07	0.4	0.16	NA	0.13	NA	NA	NA	0.125067	0.346913	0.308935	0.84	0.285199	0.111	0.0182	0.0682	0.048457	0.289379	0.138925	0.4	0.21037	0.1242	0.016	0.0206	NA	NA	NA	NA	NA	NA	NA	NA	0	0	0	0.16	0.035141	0	0	0	NA	NA	NA	NA	NA	NA	NA	NA	NA	NA	NA	NA	NA	NA	NA	NA
gpa_ssDNA_30nt_gpc_seed7_model_1	4832	325	431	820	3256	2.9931865372878406	2.5335261755357026	3.5349613344831194	1.0963385514482962	0.4761337831917994	0.9296120776490371	1.2627023613772936	0.40372539563359405	0.5483846678323644	5.792197170947575e-38	1.627021677232465e-37	gpa_ssDNA_30nt_gpc	7	1	gpa	30nt	30	ssDNA	gpc	+ C	A	A-ssDNA-gpc	A-ssDNA-gpc-s7-m1	A-C-DNA	0.38	0.76	0.49	0	0.08	10	0.84	0.13	NA	0.53	NA	0.54	0.23	0.34	0.14	NA	0.48	0.84	0.12	0.28	0.06	NA	0.08	NA	NA	NA	0.169938	0.358197	0.326875	0.84	0.312494	0.1964	0.0271	0.1043	0	0	0	0.28	0.150055	0.0874	0.0132	0	NA	NA	NA	NA	NA	NA	NA	NA	0	0	0	0.06	0.027591	0	0	0	NA	NA	NA	NA	NA	NA	NA	NA	NA	NA	NA	NA	NA	NA	NA	NA
gpa_ssDNA_30nt_gpc_seed7_model_2	4832	424	467	721	3220	4.053346755997675	3.4634676273465943	4.744451543929396	1.3995428993770125	0.6078137583863145	1.2422702916334902	1.5569758392758013	0.5395111326887682	0.6761860154541648	9.07634909902418e-69	1.1942564603979184e-67	gpa_ssDNA_30nt_gpc	7	2	gpa	30nt	30	ssDNA	gpc	+ C	A	A-ssDNA-gpc	A-ssDNA-gpc-s7-m2	A-C-DNA	0.35	0.76	0.47	0	0.08	10	0.84	0.12	NA	0.54	NA	0.52	0.18	0.34	0.18	NA	0.37	0.84	0.08	0.35	0.12	NA	0.09	NA	NA	NA	0.0224	0.278559	0.18135	0.84	0.206744	0.14	0.0131	0	0.008866	0.271778	0.120357	0.35	0.184546	0.122	0.0187	0	NA	NA	NA	NA	NA	NA	NA	NA	0	0	0	0.12	0.028685	0	0	0	NA	NA	NA	NA	NA	NA	NA	NA	NA	NA	NA	NA	NA	NA	NA	NA
gpa_ssDNA_30nt_gpc_seed7_model_3	4832	402	469	743	3218	3.711125022179188	3.167571824547512	4.348557038440869	1.3113350711308076	0.569505585318318	1.1529653084249003	1.4698440747699528	0.5007264712748151	0.6383451709307811	1.351491135786888e-59	8.663404716582616e-59	gpa_ssDNA_30nt_gpc	7	3	gpa	30nt	30	ssDNA	gpc	+ C	A	A-ssDNA-gpc	A-ssDNA-gpc-s7-m3	A-C-DNA	0.33	0.75	0.45	0	0.08	10	0.83	0.12	NA	0.54	NA	0.5	0.16	0.33	0.17	NA	0.35	0.83	0.05	0.33	0.11	NA	0.08	NA	NA	NA	0.021832	0.273505	0.167164	0.83	0.200126	0.1178	0.0134	0	0.005045	0.270808	0.034202	0.33	0.167072	0.1007	0.017	0	NA	NA	NA	NA	NA	NA	NA	NA	0	0	0	0.11	0.02701	0	0	0	NA	NA	NA	NA	NA	NA	NA	NA	NA	NA	NA	NA	NA	NA	NA	NA
gpa_ssDNA_30nt_gpc_seed7_model_4	4832	396	416	749	3271	4.155663725213566	3.5338340038480913	4.887415412560542	1.4244721568770957	0.618640397356546	1.262383401613818	1.5866636182687344	0.5482461453671378	0.689079254050759	2.8084696468594377e-67	3.191442780522088e-66	gpa_ssDNA_30nt_gpc	7	4	gpa	30nt	30	ssDNA	gpc	+ C	A	A-ssDNA-gpc	A-ssDNA-gpc-s7-m4	A-C-DNA	0.28	0.74	0.4	0	0.06	10	0.83	0.13	NA	0.51	NA	0.49	0.2	0.32	0.09	NA	0.45	0.83	0.1	0.19	0.03	NA	0.03	NA	NA	NA	0.032692	0.296171	0.25493	0.83	0.254972	0.1652	0.0168	0.0461	0	0	0	0.19	0.108345	0.0953	0.0098	0	NA	NA	NA	NA	NA	NA	NA	NA	0	0	0	0.03	0.020092	0	0	0	NA	NA	NA	NA	NA	NA	NA	NA	NA	NA	NA	NA	NA	NA	NA	NA
gpa_ssDNA_30nt_gpc_seed8_model_0	4832	251	369	894	3318	2.5238150286001013	2.1060555472373137	3.021902452770991	0.9257716569697565	0.4020575221243954	0.7448167890701778	1.1058865842994532	0.32346982152207643	0.48028044117208785	1.3899733235575643e-23	3.4749333088939104e-23	gpa_ssDNA_30nt_gpc	8	0	gpa	30nt	30	ssDNA	gpc	+ C	A	A-ssDNA-gpc	A-ssDNA-gpc-s8-m0	A-C-DNA	0.58	0.78	0.65	0	0.08	10	0.85	0.21	NA	0.52	NA	0.62	0.32	0.37	0.19	NA	0.65	0.86	0.17	0.34	0.1	NA	0.13	NA	NA	NA	0.415181	0.458944	0.430351	0.86	0.458944	0.1823	0.069	0.1866	0.005538	0.290039	0.112022	0.34	0.179826	0.124	0.0158	0	NA	NA	NA	NA	NA	NA	NA	NA	0	0	0	0.1	0.034482	0	0	0	NA	NA	NA	NA	NA	NA	NA	NA	NA	NA	NA	NA	NA	NA	NA	NA
gpa_ssDNA_30nt_gpc_seed8_model_1	4832	414	434	731	3253	4.243411254218809	3.616628147814962	4.979200710013259	1.4453674868635107	0.6277151238671935	1.2855421408879	1.6052693781577212	0.5583038580417077	0.6971596329021628	3.4841629252649055e-71	5.444004570726415e-70	gpa_ssDNA_30nt_gpc	8	1	gpa	30nt	30	ssDNA	gpc	+ C	A	A-ssDNA-gpc	A-ssDNA-gpc-s8-m1	A-C-DNA	0.57	0.78	0.65	0	0.07	10	0.85	0.21	NA	0.53	NA	0.63	0.31	0.41	0.26	NA	0.6	0.86	0.17	0.42	0.2	NA	0.17	NA	NA	NA	0.398903	0.445196	0.415556	0.86	0.40785	0.2558	0.0373	0.1826	0.092972	0.303421	0.211087	0.42	0.225568	0.1358	0.0198	0.0435	NA	NA	NA	NA	NA	NA	NA	NA	0	0	0	0.2	0.042651	0.0186	0.0082	0	NA	NA	NA	NA	NA	NA	NA	NA	NA	NA	NA	NA	NA	NA	NA	NA
gpa_ssDNA_30nt_gpc_seed8_model_2	4832	317	344	828	3343	3.7192864283868077	3.1242097200270167	4.427176404129684	1.3135318295590563	0.5704596253817809	1.1391813616150455	1.4877620002860692	0.4947401792364471	0.646126827109584	2.1193421549796083e-49	7.569079124927173e-49	gpa_ssDNA_30nt_gpc	8	2	gpa	30nt	30	ssDNA	gpc	+ C	A	A-ssDNA-gpc	A-ssDNA-gpc-s8-m2	A-C-DNA	0.55	0.79	0.64	0	0.08	10	0.86	0.2	NA	0.53	NA	0.63	0.3	0.4	0.28	NA	0.58	0.84	0.16	0.46	0.22	NA	0.16	NA	NA	NA	0.364144	0.439309	0.408132	0.84	0.37466	0.2578	0.0384	0.1668	0.16623	0.337902	0.275794	0.46	0.254379	0.1503	0.0319	0.0605	NA	NA	NA	NA	NA	NA	NA	NA	0	0	0	0.22	0.043213	0	0	0	NA	NA	NA	NA	NA	NA	NA	NA	NA	NA	NA	NA	NA	NA	NA	NA
gpa_ssDNA_30nt_gpc_seed8_model_3	4832	377	401	768	3286	4.021118784308727	3.4115937945637076	4.739456688616609	1.3915601684658105	0.604346902401061	1.2271795705385777	1.5559225064825828	0.5329573157893067	0.6757285588344623	2.425350151717101e-62	2.090819096307846e-61	gpa_ssDNA_30nt_gpc	8	3	gpa	30nt	30	ssDNA	gpc	+ C	A	A-ssDNA-gpc	A-ssDNA-gpc-s8-m3	A-C-DNA	0.55	0.78	0.63	0	0.06	10	0.85	0.21	NA	0.54	NA	0.6	0.3	0.38	0.2	NA	0.6	0.86	0.16	0.35	0.13	NA	0.13	NA	NA	NA	0.373986	0.416465	0.388318	0.86	0.406453	0.219	0.0458	0.1679	0.005185	0.276318	0.13762	0.35	0.190572	0.0978	0.0145	0	NA	NA	NA	NA	NA	NA	NA	NA	0	0	0	0.13	0.034937	0.0184	0.0083	0	NA	NA	NA	NA	NA	NA	NA	NA	NA	NA	NA	NA	NA	NA	NA	NA
gpa_ssDNA_30nt_gpc_seed8_model_4	4832	367	424	778	3263	3.62906616002604	3.0818757886829955	4.273273622215557	1.2889753589895356	0.5597948857184184	1.125538433906339	1.4523801897663136	0.4888151310155509	0.6307607020411077	3.93147916771287e-54	1.7243329682951187e-53	gpa_ssDNA_30nt_gpc	8	4	gpa	30nt	30	ssDNA	gpc	+ C	A	A-ssDNA-gpc	A-ssDNA-gpc-s8-m4	A-C-DNA	0.54	0.78	0.62	0	0.07	10	0.84	0.2	NA	0.53	NA	0.6	0.29	0.38	0.21	NA	0.58	0.84	0.16	0.37	0.13	NA	0.13	NA	NA	NA	0.35206	0.413154	0.382302	0.84	0.370827	0.2283	0.032	0.1488	0.009697	0.292048	0.176308	0.37	0.202758	0.1239	0.0212	0.0229	NA	NA	NA	NA	NA	NA	NA	NA	0	0	0	0.13	0.036814	0	0	0	NA	NA	NA	NA	NA	NA	NA	NA	NA	NA	NA	NA	NA	NA	NA	NA
gpa_ssDNA_30nt_gpc_seed9_model_0	4832	319	414	826	3273	3.0521289518561536	2.5791656392920523	3.610978140954274	1.1158393641207753	0.4846028785280861	0.9474659510066491	1.283978688816537	0.4114792343134045	0.5576248594343945	1.8286417786969008e-38	5.195005053116195e-38	gpa_ssDNA_30nt_gpc	9	0	gpa	30nt	30	ssDNA	gpc	+ C	A	A-ssDNA-gpc	A-ssDNA-gpc-s9-m0	A-C-DNA	0.56	0.78	0.63	0	0.05	10	0.85	0.21	NA	0.55	NA	0.66	0.33	0.41	0.33	NA	0.64	0.83	0.15	0.52	0.24	NA	0.21	NA	NA	NA	0.390659	0.451913	0.423383	0.83	0.451913	0.2343	0.0568	0.1804	0.27846	0.33919	0.298765	0.52	0.315145	0.102	0.0182	0.0457	NA	NA	NA	NA	NA	NA	NA	NA	0.020693	0.07702	0.020693	0.24	0.055344	0.0187	0.0086	0	NA	NA	NA	NA	NA	NA	NA	NA	NA	NA	NA	NA	NA	NA	NA	NA
gpa_ssDNA_30nt_gpc_seed9_model_1	4832	356	462	789	3225	3.1488340405960233	2.6779006396380636	3.70142245396882	1.147032238474128	0.49814977173444863	0.9850331441303555	1.3087171927879586	0.4277944589876239	0.5683686551997246	8.26167819184099e-44	2.5188043267807897e-43	gpa_ssDNA_30nt_gpc	9	1	gpa	30nt	30	ssDNA	gpc	+ C	A	A-ssDNA-gpc	A-ssDNA-gpc-s9-m1	A-C-DNA	0.53	0.78	0.62	0	0.07	10	0.85	0.2	NA	0.56	NA	0.65	0.32	0.41	0.29	NA	0.62	0.86	0.15	0.48	0.21	NA	0.18	NA	NA	NA	0.342459	0.421842	0.393591	0.86	0.421842	0.2334	0.043	0.1594	0.220032	0.304509	0.239768	0.48	0.27355	0.0894	0.0155	0.0263	NA	NA	NA	NA	NA	NA	NA	NA	0.018828	0.070443	0.018828	0.21	0.047065	0	0	0	NA	NA	NA	NA	NA	NA	NA	NA	NA	NA	NA	NA	NA	NA	NA	NA
gpa_ssDNA_30nt_gpc_seed9_model_2	4832	348	397	797	3290	3.6172914334473316	3.061462361664266	4.2739436753147855	1.2857255229746865	0.558383499870079	1.1188926977770937	1.452536978362479	0.48592892448643465	0.6308287944632478	1.1669987554703813e-51	4.6309474423427834e-51	gpa_ssDNA_30nt_gpc	9	2	gpa	30nt	30	ssDNA	gpc	+ C	A	A-ssDNA-gpc	A-ssDNA-gpc-s9-m2	A-C-DNA	0.51	0.75	0.6	0	0.08	10	0.85	0.2	NA	0.52	NA	0.53	0.26	0.34	0.06	NA	0.6	0.85	0.15	0.13	0.02	NA	0.03	NA	NA	NA	0.341474	0.41908	0.390876	0.85	0.400846	0.2261	0.0353	0.1671	0	0	0	0.13	0.092704	0.0344	0.0099	0	NA	NA	NA	NA	NA	NA	NA	NA	0	0	0	0.02	0.019069	0	0	0	NA	NA	NA	NA	NA	NA	NA	NA	NA	NA	NA	NA	NA	NA	NA	NA
gpa_ssDNA_30nt_gpc_seed9_model_3	4832	372	358	773	3329	4.473252836995767	3.7807415759452607	5.2945704955764645	1.4981158480031842	0.6506234460395937	1.3299201745024127	1.6666818606692104	0.5775769931582075	0.7238307351768826	3.1479895643299853e-69	4.3722077282360906e-68	gpa_ssDNA_30nt_gpc	9	3	gpa	30nt	30	ssDNA	gpc	+ C	A	A-ssDNA-gpc	A-ssDNA-gpc-s9-m3	A-C-DNA	0.51	0.78	0.6	0	0.07	10	0.86	0.19	NA	0.54	NA	0.63	0.29	0.42	0.27	NA	0.56	0.88	0.15	0.45	0.21	NA	0.15	NA	NA	NA	0.309083	0.40809	0.374096	0.88	0.36983	0.2427	0.0331	0.1398	0.157083	0.29542	0.181458	0.45	0.246728	0.0846	0.0164	0.0201	NA	NA	NA	NA	NA	NA	NA	NA	0	0	0	0.21	0.040818	0	0	0	NA	NA	NA	NA	NA	NA	NA	NA	NA	NA	NA	NA	NA	NA	NA	NA
gpa_ssDNA_30nt_gpc_seed9_model_4	4832	332	420	813	3267	3.175708528015962	2.6877820094480795	3.751001364431689	1.1555307658787404	0.5018406352905753	0.9887163216967432	1.322022834851134	0.42939404268057596	0.5741472221259415	5.751108226225281e-42	1.7116393530432385e-41	gpa_ssDNA_30nt_gpc	9	4	gpa	30nt	30	ssDNA	gpc	+ C	A	A-ssDNA-gpc	A-ssDNA-gpc-s9-m4	A-C-DNA	0.48	0.75	0.57	0	0.08	10	0.85	0.2	NA	0.52	NA	0.52	0.24	0.33	0.07	NA	0.56	0.83	0.14	0.15	0.02	NA	0.03	NA	NA	NA	0.278806	0.401114	0.367054	0.83	0.359919	0.2105	0.0254	0.1257	0	0	0	0.15	0.103669	0.0536	0.009	0	NA	NA	NA	NA	NA	NA	NA	NA	0	0	0	0.02	0.020048	0	0	0	NA	NA	NA	NA	NA	NA	NA	NA	NA	NA	NA	NA	NA	NA	NA	NA
gpa_ssDNA_30nt_seed10_model_0	4832	392	443	753	3244	3.8108292192955213	3.2456173880443506	4.47434026371529	1.3378468083175552	0.5810194864841917	1.1773055903163654	1.4983589137556468	0.5112973213882479	0.6507290081546278	2.0200042158043893e-60	1.4428601541459925e-59	gpa_ssDNA_30nt	10	0	gpa	30nt	30	ssDNA	NA	DNA-only	A	A-ssDNA	A-ssDNA-s10-m0	A-ssDNA	0.78	0.83	0.81	0	0.04	10	0.83	0.24	NA	NA	NA	0.83	0.48	0.53	NA	NA	0.78	0.88	0.17	NA	NA	NA	NA	NA	NA	NA	0.607123	0.690271	0.668901	0.88	0.690271	0.3051	0.1436	0.3379	NA	NA	NA	NA	NA	NA	NA	NA	NA	NA	NA	NA	NA	NA	NA	NA	NA	NA	NA	NA	NA	NA	NA	NA	NA	NA	NA	NA	NA	NA	NA	NA	NA	NA	NA	NA	NA	NA	NA	NA
gpa_ssDNA_30nt_seed10_model_1	4832	392	432	753	3255	3.9210806186347074	3.3374201163181523	4.607546147195583	1.3663672838319822	0.5934057716213642	1.2051980882543445	1.5276954261808293	0.52341087932921	0.6634696936191707	2.371092041175676e-62	2.090819096307846e-61	gpa_ssDNA_30nt	10	1	gpa	30nt	30	ssDNA	NA	DNA-only	A	A-ssDNA	A-ssDNA-s10-m1	A-ssDNA	0.78	0.83	0.81	0	0.04	10	0.83	0.23	NA	NA	NA	0.84	0.51	0.57	NA	NA	0.78	0.9	0.23	NA	NA	NA	NA	NA	NA	NA	0.547173	0.678971	0.655379	0.9	0.678971	0.287	0.1087	0.3039	NA	NA	NA	NA	NA	NA	NA	NA	NA	NA	NA	NA	NA	NA	NA	NA	NA	NA	NA	NA	NA	NA	NA	NA	NA	NA	NA	NA	NA	NA	NA	NA	NA	NA	NA	NA	NA	NA	NA	NA
gpa_ssDNA_30nt_seed10_model_2	4832	320	404	825	3283	3.151308759809094	2.660819464082813	3.730076567058011	1.1478178458543895	0.4984909566846386	0.97863414455409925	1.3164287608064378	0.4250154087819546	0.5717177466369717	2.3758759357188736e-40	6.827229700341591e-40	gpa_ssDNA_30nt	10	2	gpa	30nt	30	ssDNA	NA	DNA-only	A	A-ssDNA	A-ssDNA-s10-m2	A-ssDNA	0.75	0.83	0.78	0	0.04	10	0.83	0.22	NA	NA	NA	0.82	0.46	0.53	NA	NA	0.75	0.89	0.17	NA	NA	NA	NA	NA	NA	NA	0.54638	0.635245	0.610654	0.89	0.635245	0.3245	0.1462	0.2948	NA	NA	NA	NA	NA	NA	NA	NA	NA	NA	NA	NA	NA	NA	NA	NA	NA	NA	NA	NA	NA	NA	NA	NA	NA	NA	NA	NA	NA	NA	NA	NA	NA	NA	NA	NA	NA	NA	NA	NA
gpa_ssDNA_30nt_seed10_model_3	4832	361	435	784	3252	3.4412532152541364	2.923146060814294	4.050888548939127	1.2358357118016352	0.5367166301744276	1.0726604543689733	1.3989362518547126	0.46585051628827995	0.6075502947149194	6.433485237951255e-50	2.365251925717373e-49	gpa_ssDNA_30nt	10	3	gpa	30nt	30	ssDNA	NA	DNA-only	A	A-ssDNA	A-ssDNA-s10-m3	A-ssDNA	0.73	0.83	0.77	0	0.03	10	0.83	0.22	NA	NA	NA	0.8	0.44	0.51	NA	NA	0.73	0.86	0.16	NA	NA	NA	NA	NA	NA	NA	0.529278	0.611494	0.588983	0.86	0.611494	0.292	0.1077	0.2905	NA	NA	NA	NA	NA	NA	NA	NA	NA	NA	NA	NA	NA	NA	NA	NA	NA	NA	NA	NA	NA	NA	NA	NA	NA	NA	NA	NA	NA	NA	NA	NA	NA	NA	NA	NA	NA	NA	NA	NA
gpa_ssDNA_30nt_seed10_model_4	4832	302	472	843	3215	2.439637828239228	2.064541233663694	2.8808221372818	0.8918495972386354	0.387325358768377	0.7249080388564445	1.0580757177446223	0.3148235611626619	0.4595164456523121	1.297126998999357e-25	3.275573229796356e-25	gpa_ssDNA_30nt	10	4	gpa	30nt	30	ssDNA	NA	DNA-only	A	A-ssDNA	A-ssDNA-s10-m4	A-ssDNA	0.72	0.83	0.76	0	0.04	10	0.83	0.22	NA	NA	NA	0.78	0.43	0.5	NA	NA	0.71	0.85	0.15	NA	NA	NA	NA	NA	NA	NA	0.551393	0.592044	0.567316	0.85	0.592044	0.209	0.0607	0.2888	NA	NA	NA	NA	NA	NA	NA	NA	NA	NA	NA	NA	NA	NA	NA	NA	NA	NA	NA	NA	NA	NA	NA	NA	NA	NA	NA	NA	NA	NA	NA	NA	NA	NA	NA	NA	NA	NA	NA	NA
gpa_ssDNA_30nt_seed1_model_0	4832	318	492	827	3195	2.4964730641451096	2.1188049426834437	2.9394233256343143	0.9148789614531382	0.39732688456847576	0.7508522234604068	1.0782134143676751	0.32609097737364207	0.4682621361739457	9.205970288457962e-28	2.3484618082800924e-27	gpa_ssDNA_30nt	1	0	gpa	30nt	30	ssDNA	NA	DNA-only	A	A-ssDNA	A-ssDNA-s1-m0	A-ssDNA	0.81	0.83	0.83	0	0.03	10	0.83	0.25	NA	NA	NA	0.82	0.48	0.5	NA	NA	0.81	0.83	0.16	NA	NA	NA	NA	NA	NA	NA	0.637666	0.736528	0.716622	0.83	0.736528	0.3934	0.1765	0.3734	NA	NA	NA	NA	NA	NA	NA	NA	NA	NA	NA	NA	NA	NA	NA	NA	NA	NA	NA	NA	NA	NA	NA	NA	NA	NA	NA	NA	NA	NA	NA	NA	NA	NA	NA	NA	NA	NA	NA	NA
gpa_ssDNA_30nt_seed1_model_1	4832	335	374	810	3313	3.662392139901501	3.0903934771423365	4.340467440657249	1.2981165240532848	0.5637648432637714	1.128298421683762	1.467982047533087	0.4900137784774062	0.6375365027766567	6.705937367989085e-51	2.579206679995802e-50	gpa_ssDNA_30nt	1	1	gpa	30nt	30	ssDNA	NA	DNA-only	A	A-ssDNA	A-ssDNA-s1-m1	A-ssDNA	0.8	0.83	0.82	0	0.03	10	0.83	0.24	NA	NA	NA	0.85	0.51	0.55	NA	NA	0.8	0.89	0.22	NA	NA	NA	NA	NA	NA	NA	0.614537	0.716895	0.69569	0.89	0.716895	0.2967	0.1648	0.3447	NA	NA	NA	NA	NA	NA	NA	NA	NA	NA	NA	NA	NA	NA	NA	NA	NA	NA	NA	NA	NA	NA	NA	NA	NA	NA	NA	NA	NA	NA	NA	NA	NA	NA	NA	NA	NA	NA	NA	NA
gpa_ssDNA_30nt_seed1_model_2	4832	438	498	707	3189	3.965769515528908	3.3964794592678307	4.630619891021847	1.3776999133127668	0.598327470070323	1.2227394420136297	1.5326907448861045	0.5310289924719805	0.6656391329682199	1.1083530322152369e-68	1.3854412902690461e-67	gpa_ssDNA_30nt	1	2	gpa	30nt	30	ssDNA	NA	DNA-only	A	A-ssDNA	A-ssDNA-s1-m2	A-ssDNA	0.79	0.83	0.81	0	0.03	10	0.83	0.24	NA	NA	NA	0.84	0.5	0.55	NA	NA	0.79	0.9	0.21	NA	NA	NA	NA	NA	NA	NA	0.589747	0.692502	0.670344	0.9	0.692502	0.3577	0.1737	0.3256	NA	NA	NA	NA	NA	NA	NA	NA	NA	NA	NA	NA	NA	NA	NA	NA	NA	NA	NA	NA	NA	NA	NA	NA	NA	NA	NA	NA	NA	NA	NA	NA	NA	NA	NA	NA	NA	NA	NA	NA
gpa_ssDNA_30nt_seed1_model_3	4832	482	524	663	3163	4.38671716345215	3.7678317466329028	5.108235293353861	1.4785811485880676	0.6421396338779698	1.3264997024880718	1.6308540008043544	0.5760915010368748	0.7082708933391726	1.7423365755658512e-82	7.25973573152438e-81	gpa_ssDNA_30nt	1	3	gpa	30nt	30	ssDNA	NA	DNA-only	A	A-ssDNA	A-ssDNA-s1-m3	A-ssDNA	0.77	0.84	0.8	0	0.03	10	0.84	0.24	NA	NA	NA	0.83	0.48	0.54	NA	NA	0.77	0.89	0.2	NA	NA	NA	NA	NA	NA	NA	0.58353	0.66981	0.647311	0.89	0.66981	0.3485	0.132	0.3164	NA	NA	NA	NA	NA	NA	NA	NA	NA	NA	NA	NA	NA	NA	NA	NA	NA	NA	NA	NA	NA	NA	NA	NA	NA	NA	NA	NA	NA	NA	NA	NA	NA	NA	NA	NA	NA	NA	NA	NA
gpa_ssDNA_30nt_seed1_model_4	4832	388	457	757	3230	3.621430944589105	3.086340058737759	4.248859716573363	1.2868692362922651	0.5588802082527826	1.1269859418874746	1.446650644954171	0.48944377574426906	0.6282723923453768	2.5151969180291198e-56	1.3099983948068332e-55	gpa_ssDNA_30nt	1	4	gpa	30nt	30	ssDNA	NA	DNA-only	A	A-ssDNA	A-ssDNA-s1-m4	A-ssDNA	0.74	0.83	0.78	0	0.04	10	0.83	0.23	NA	NA	NA	0.81	0.46	0.53	NA	NA	0.74	0.88	0.19	NA	NA	NA	NA	NA	NA	NA	0.595171	0.645071	0.622098	0.88	0.645071	0.2224	0.0806	0.328	NA	NA	NA	NA	NA	NA	NA	NA	NA	NA	NA	NA	NA	NA	NA	NA	NA	NA	NA	NA	NA	NA	NA	NA	NA	NA	NA	NA	NA	NA	NA	NA	NA	NA	NA	NA	NA	NA	NA	NA
gpa_ssDNA_30nt_seed2_model_0	4832	376	408	769	3279	3.9281627559706007	3.334381504265299	4.628721629924678	1.3681718244532204	0.5941894736555382	1.2042872061760839	1.5322807241261038	0.5230152882689569	0.6654610632146858	2.0195971724047157e-60	1.4428601541459925e-59	gpa_ssDNA_30nt	2	0	gpa	30nt	30	ssDNA	NA	DNA-only	A	A-ssDNA	A-ssDNA-s2-m0	A-ssDNA	0.8	0.84	0.82	0	0.03	10	0.84	0.24	NA	NA	NA	0.84	0.5	0.55	NA	NA	0.8	0.89	0.21	NA	NA	NA	NA	NA	NA	NA	0.614237	0.719597	0.698571	0.89	0.719597	0.3019	0.1734	0.3463	NA	NA	NA	NA	NA	NA	NA	NA	NA	NA	NA	NA	NA	NA	NA	NA	NA	NA	NA	NA	NA	NA	NA	NA	NA	NA	NA	NA	NA	NA	NA	NA	NA	NA	NA	NA	NA	NA	NA	NA
gpa_ssDNA_30nt_seed2_model_1	4832	384	428	761	3259	3.840936599180611	3.2665893769972274	4.516410121901405	1.3457162428960114	0.5844371384973138	1.1837464366256223	1.5077174574654184	0.5140945453991451	0.654793372046432	6.578205971820835e-60	4.444733764743807e-59	gpa_ssDNA_30nt	2	1	gpa	30nt	30	ssDNA	NA	DNA-only	A	A-ssDNA	A-ssDNA-s2-m1	A-ssDNA	0.79	0.83	0.82	0	0.04	10	0.83	0.24	NA	NA	NA	0.85	0.49	0.55	NA	NA	0.79	0.9	0.2	NA	NA	NA	NA	NA	NA	NA	0.602132	0.710411	0.687414	0.9	0.710411	0.3042	0.0907	0.3388	NA	NA	NA	NA	NA	NA	NA	NA	NA	NA	NA	NA	NA	NA	NA	NA	NA	NA	NA	NA	NA	NA	NA	NA	NA	NA	NA	NA	NA	NA	NA	NA	NA	NA	NA	NA	NA	NA	NA	NA
gpa_ssDNA_30nt_seed2_model_2	4832	392	440	753	3247	3.840351168537412	3.2702840455267816	4.509907843916238	1.3455638125582774	0.5843709388427614	1.184876845212165	1.5062767195843607	0.5145854756105768	0.6541676675348197	5.593494205097651e-61	4.36991734773254e-60	gpa_ssDNA_30nt	2	2	gpa	30nt	30	ssDNA	NA	DNA-only	A	A-ssDNA	A-ssDNA-s2-m2	A-ssDNA	0.75	0.82	0.79	0	0.04	10	0.82	0.23	NA	NA	NA	0.82	0.47	0.54	NA	NA	0.75	0.89	0.18	NA	NA	NA	NA	NA	NA	NA	0.570131	0.644986	0.620276	0.89	0.644986	0.2404	0.1283	0.3046	NA	NA	NA	NA	NA	NA	NA	NA	NA	NA	NA	NA	NA	NA	NA	NA	NA	NA	NA	NA	NA	NA	NA	NA	NA	NA	NA	NA	NA	NA	NA	NA	NA	NA	NA	NA	NA	NA	NA	NA
gpa_ssDNA_30nt_seed2_model_3	4832	419	472	726	3215	3.929745582065537	3.3579321666504685	4.599829170019116	1.3685746863977106	0.5943644343749991	1.2113253579303118	1.5260191658530895	0.5260719187386158	0.6627417030086	8.427359536648416e-66	8.103230323700399e-65	gpa_ssDNA_30nt	2	3	gpa	30nt	30	ssDNA	NA	DNA-only	A	A-ssDNA	A-ssDNA-s2-m3	A-ssDNA	0.75	0.83	0.78	0	0.03	10	0.84	0.22	NA	NA	NA	0.82	0.46	0.53	NA	NA	0.74	0.89	0.17	NA	NA	NA	NA	NA	NA	NA	0.548257	0.633719	0.611389	0.89	0.633719	0.3358	0.1059	0.2976	NA	NA	NA	NA	NA	NA	NA	NA	NA	NA	NA	NA	NA	NA	NA	NA	NA	NA	NA	NA	NA	NA	NA	NA	NA	NA	NA	NA	NA	NA	NA	NA	NA	NA	NA	NA	NA	NA	NA	NA
gpa_ssDNA_30nt_seed2_model_4	4832	400	391	745	3296	4.524214787586469	3.841019243414083	5.330087335655225	1.5094440344890323	0.6555432149203685	1.3457377593522808	1.673367623719912	0.5844464829755417	0.7267343251771148	4.056820851887087e-74	7.80157856132132e-73	gpa_ssDNA_30nt	2	4	gpa	30nt	30	ssDNA	NA	DNA-only	A	A-ssDNA	A-ssDNA-s2-m4	A-ssDNA	0.71	0.82	0.75	0	0.03	10	0.83	0.22	NA	NA	NA	0.78	0.44	0.51	NA	NA	0.71	0.86	0.16	NA	NA	NA	NA	NA	NA	NA	0.549385	0.606914	0.583688	0.86	0.598685	0.2831	0.0905	0.2953	NA	NA	NA	NA	NA	NA	NA	NA	NA	NA	NA	NA	NA	NA	NA	NA	NA	NA	NA	NA	NA	NA	NA	NA	NA	NA	NA	NA	NA	NA	NA	NA	NA	NA	NA	NA	NA	NA	NA	NA
gpa_ssDNA_30nt_seed3_model_0	4832	402	465	743	3222	3.7476899326763498	3.197865965037256	4.391815039747032	1.321139632212329	0.5737636520935061	1.162483701412492	1.4797425903302504	0.5048602568259127	0.6426440416176519	3.1646955546863754e-60	2.1977052463099828e-59	gpa_ssDNA_30nt	3	0	gpa	30nt	30	ssDNA	NA	DNA-only	A	A-ssDNA	A-ssDNA-s3-m0	A-ssDNA	0.55	0.84	0.62	0	0.03	10	0.85	0.12	NA	NA	NA	0.71	0.37	0.54	NA	NA	0.54	0.88	0.21	NA	NA	NA	NA	NA	NA	NA	0.248602	0.372862	0.340743	0.88	0.357274	0.2544	0.028	0.1167	NA	NA	NA	NA	NA	NA	NA	NA	NA	NA	NA	NA	NA	NA	NA	NA	NA	NA	NA	NA	NA	NA	NA	NA	NA	NA	NA	NA	NA	NA	NA	NA	NA	NA	NA	NA	NA	NA	NA	NA
gpa_ssDNA_30nt_seed3_model_1	4832	396	574	749	3113	2.8664781600199203	2.457541334800922	3.342921428798901	1.0530841542966056	0.45734863719076846	0.8991613927556864	1.2068451039607102	0.3905008312142372	0.5241261691620928	5.397694190218781e-41	1.5875571147702299e-40	gpa_ssDNA_30nt	3	1	gpa	30nt	30	ssDNA	NA	DNA-only	A	A-ssDNA	A-ssDNA-s3-m1	A-ssDNA	0.5	0.83	0.59	0	0.05	10	0.84	0.12	NA	NA	NA	0.68	0.31	0.51	NA	NA	0.49	0.88	0.14	NA	NA	NA	NA	NA	NA	NA	0.124963	0.318568	0.283083	0.88	0.297778	0.203	0.0197	0.0523	NA	NA	NA	NA	NA	NA	NA	NA	NA	NA	NA	NA	NA	NA	NA	NA	NA	NA	NA	NA	NA	NA	NA	NA	NA	NA	NA	NA	NA	NA	NA	NA	NA	NA	NA	NA	NA	NA	NA	NA
gpa_ssDNA_30nt_seed3_model_2	4832	393	449	752	3238	3.7675416317736916	3.21016884557639	4.421597641502265	1.326422701695998	0.5760580600177749	1.1663235356266342	1.4865010881330885	0.506527875636538	0.6455792199193797	1.1406523376337265e-59	7.504291694958727e-59	gpa_ssDNA_30nt	3	2	gpa	30nt	30	ssDNA	NA	DNA-only	A	A-ssDNA	A-ssDNA-s3-m2	A-ssDNA	0.45	0.82	0.54	0	0.04	10	0.84	0.12	NA	NA	NA	0.64	0.25	0.45	NA	NA	0.44	0.85	0.06	NA	NA	NA	NA	NA	NA	NA	0.039625	0.323383	0.282176	0.85	0.264307	0.2138	0.0203	0.0503	NA	NA	NA	NA	NA	NA	NA	NA	NA	NA	NA	NA	NA	NA	NA	NA	NA	NA	NA	NA	NA	NA	NA	NA	NA	NA	NA	NA	NA	NA	NA	NA	NA	NA	NA	NA	NA	NA	NA	NA
gpa_ssDNA_30nt_seed3_model_3	4832	398	501	747	3186	3.3871762808734363	2.8952113106158537	3.9622849221921914	1.21999661879761	0.529837799484427	1.0630580999383545	1.3768208594191593	0.461680266745783	0.5979457018150337	1.7207558305795997e-52	7.052277994178687e-52	gpa_ssDNA_30nt	3	3	gpa	30nt	30	ssDNA	NA	DNA-only	A	A-ssDNA	A-ssDNA-s3-m3	A-ssDNA	0.38	0.81	0.49	0	0.04	10	0.84	0.11	NA	NA	NA	0.6	0.2	0.44	NA	NA	0.37	0.83	0.04	NA	NA	NA	NA	NA	NA	NA	0.022673	0.280941	0.204826	0.83	0.2159	0.1295	0.0131	0	NA	NA	NA	NA	NA	NA	NA	NA	NA	NA	NA	NA	NA	NA	NA	NA	NA	NA	NA	NA	NA	NA	NA	NA	NA	NA	NA	NA	NA	NA	NA	NA	NA	NA	NA	NA	NA	NA	NA	NA
gpa_ssDNA_30nt_seed3_model_4	4832	178	292	967	3395	2.1398120144215063	1.7419125938296975	2.6237378980756607	0.7607179814470058	0.3303756216270149	0.5549837014135423	0.9645999796887708	0.24102635907014336	0.41892044842282194	3.7874664450014054e-13	6.911435118615703e-13	gpa_ssDNA_30nt	3	4	gpa	30nt	30	ssDNA	NA	DNA-only	A	A-ssDNA	A-ssDNA-s3-m4	A-ssDNA	0.34	0.81	0.46	0	0.05	10	0.84	0.1	NA	NA	NA	0.58	0.18	0.44	NA	NA	0.33	0.84	0.04	NA	NA	NA	NA	NA	NA	NA	0.026696	0.314698	0.252976	0.84	0.192126	0.112	0.0154	0.0309	NA	NA	NA	NA	NA	NA	NA	NA	NA	NA	NA	NA	NA	NA	NA	NA	NA	NA	NA	NA	NA	NA	NA	NA	NA	NA	NA	NA	NA	NA	NA	NA	NA	NA	NA	NA	NA	NA	NA	NA
gpa_ssDNA_30nt_seed4_model_0	4832	416	533	729	3154	3.375736427968947	2.8927377171345783	3.9390009405658852	1.2166135014018316	0.5283685302678096	1.062203360679245	1.370927122771651	0.4613090582020856	0.5953860845112299	4.4185692656338673e-54	1.9045557179456325e-53	gpa_ssDNA_30nt	4	0	gpa	30nt	30	ssDNA	NA	DNA-only	A	A-ssDNA	A-ssDNA-s4-m0	A-ssDNA	0.82	0.83	0.84	0	0.04	10	0.83	0.24	NA	NA	NA	0.85	0.54	0.58	NA	NA	0.82	0.89	0.27	NA	NA	NA	NA	NA	NA	NA	0.566539	0.746994	0.725759	0.89	0.746994	0.3658	0.1303	0.3365	NA	NA	NA	NA	NA	NA	NA	NA	NA	NA	NA	NA	NA	NA	NA	NA	NA	NA	NA	NA	NA	NA	NA	NA	NA	NA	NA	NA	NA	NA	NA	NA	NA	NA	NA	NA	NA	NA	NA	NA
gpa_ssDNA_30nt_seed4_model_1	4832	391	485	754	3202	3.422557130935468	2.921880881625687	4.008718474916559	1.2303879707907335	0.534350706314555	1.0722275464556907	1.3884716079260948	0.4656625067703691	0.6030055576016383	1.1638485862578414e-52	4.849369109407673e-52	gpa_ssDNA_30nt	4	1	gpa	30nt	30	ssDNA	NA	DNA-only	A	A-ssDNA	A-ssDNA-s4-m1	A-ssDNA	0.79	0.84	0.82	0	0.05	10	0.84	0.24	NA	NA	NA	0.84	0.48	0.53	NA	NA	0.79	0.89	0.18	NA	NA	NA	NA	NA	NA	NA	0.61186	0.70432	0.683318	0.89	0.70432	0.2854	0.1392	0.3439	NA	NA	NA	NA	NA	NA	NA	NA	NA	NA	NA	NA	NA	NA	NA	NA	NA	NA	NA	NA	NA	NA	NA	NA	NA	NA	NA	NA	NA	NA	NA	NA	NA	NA	NA	NA	NA	NA	NA	NA
gpa_ssDNA_30nt_seed4_model_2	4832	355	433	790	3254	3.3759619725924495	2.8658055035260364	3.975888837811067	1.21668031262775	0.5283975460145551	1.052849463713776	1.3802483301064719	0.45724671236569087	0.5994342334214187	4.432244089223166e-48	1.538973642091377e-47	gpa_ssDNA_30nt	4	2	gpa	30nt	30	ssDNA	NA	DNA-only	A	A-ssDNA	A-ssDNA-s4-m2	A-ssDNA	0.78	0.84	0.81	0	0.04	10	0.84	0.24	NA	NA	NA	0.83	0.48	0.54	NA	NA	0.77	0.89	0.18	NA	NA	NA	NA	NA	NA	NA	0.616263	0.684973	0.664108	0.89	0.684973	0.2488	0.1272	0.34	NA	NA	NA	NA	NA	NA	NA	NA	NA	NA	NA	NA	NA	NA	NA	NA	NA	NA	NA	NA	NA	NA	NA	NA	NA	NA	NA	NA	NA	NA	NA	NA	NA	NA	NA	NA	NA	NA	NA	NA
gpa_ssDNA_30nt_seed4_model_3	4832	360	492	785	3195	2.9770831128571436	2.5366632686558743	3.493127934374984	1.0909439999701456	0.4737909592524956	0.9308495436471136	1.2507975910844096	0.40426282028810157	0.5432144917858391	1.1143862737292092e-40	3.2394949817709567e-40	gpa_ssDNA_30nt	4	3	gpa	30nt	30	ssDNA	NA	DNA-only	A	A-ssDNA	A-ssDNA-s4-m3	A-ssDNA	0.74	0.84	0.78	0	0.04	10	0.84	0.23	NA	NA	NA	0.82	0.46	0.54	NA	NA	0.74	0.9	0.19	NA	NA	NA	NA	NA	NA	NA	0.61497	0.641296	0.625687	0.9	0.641296	0.2521	0.0915	0.339	NA	NA	NA	NA	NA	NA	NA	NA	NA	NA	NA	NA	NA	NA	NA	NA	NA	NA	NA	NA	NA	NA	NA	NA	NA	NA	NA	NA	NA	NA	NA	NA	NA	NA	NA	NA	NA	NA	NA	NA
gpa_ssDNA_30nt_seed4_model_4	4832	300	424	845	3263	2.7315375745176	2.304665458416666	3.2355823510891812	1.0048646647603403	0.4364071789649768	0.8349355285688191	1.1742089275446026	0.362607892802413	0.5099524578341561	5.763111557697345e-31	1.5327424355578046e-30	gpa_ssDNA_30nt	4	4	gpa	30nt	30	ssDNA	NA	DNA-only	A	A-ssDNA	A-ssDNA-s4-m4	A-ssDNA	0.75	0.82	0.78	0	0.03	10	0.82	0.22	NA	NA	NA	0.8	0.45	0.5	NA	NA	0.75	0.85	0.16	NA	NA	NA	NA	NA	NA	NA	0.603533	0.651293	0.628976	0.85	0.651293	0.3052	0.1016	0.3318	NA	NA	NA	NA	NA	NA	NA	NA	NA	NA	NA	NA	NA	NA	NA	NA	NA	NA	NA	NA	NA	NA	NA	NA	NA	NA	NA	NA	NA	NA	NA	NA	NA	NA	NA	NA	NA	NA	NA	NA
gpa_ssDNA_30nt_seed5_model_0	4832	415	514	730	3173	3.5082883030009584	3.0036936164499966	4.097630358078805	1.25512825556883	0.5450952754743973	1.0998427368395114	1.410408845181971	0.4776556315707702	0.6125327786900678	1.0443783769644922e-56	5.555204132789852e-56	gpa_ssDNA_30nt	5	0	gpa	30nt	30	ssDNA	NA	DNA-only	A	A-ssDNA	A-ssDNA-s5-m0	A-ssDNA	0.83	0.85	0.85	0	0.03	10	0.85	0.26	NA	NA	NA	0.86	0.54	0.57	NA	NA	0.83	0.9	0.25	NA	NA	NA	NA	NA	NA	NA	0.642237	0.751633	0.73667	0.9	0.751633	0.3682	0.2013	0.3592	NA	NA	NA	NA	NA	NA	NA	NA	NA	NA	NA	NA	NA	NA	NA	NA	NA	NA	NA	NA	NA	NA	NA	NA	NA	NA	NA	NA	NA	NA	NA	NA	NA	NA	NA	NA	NA	NA	NA	NA
gpa_ssDNA_30nt_seed5_model_1	4832	445	423	700	3264	4.903353679891329	4.182307484043537	5.750497085440344	1.5899193954725883	0.690493220124699	1.4308631238998222	1.749286300714503	0.6214159590685417	0.7597053876692611	3.4184854539765183e-87	2.848737878313765e-85	gpa_ssDNA_30nt	5	1	gpa	30nt	30	ssDNA	NA	DNA-only	A	A-ssDNA	A-ssDNA-s5-m1	A-ssDNA	0.77	0.84	0.8	0	0.04	10	0.84	0.23	NA	NA	NA	0.83	0.47	0.54	NA	NA	0.77	0.9	0.18	NA	NA	NA	NA	NA	NA	NA	0.562036	0.660696	0.637386	0.9	0.660696	0.3317	0.1321	0.3097	NA	NA	NA	NA	NA	NA	NA	NA	NA	NA	NA	NA	NA	NA	NA	NA	NA	NA	NA	NA	NA	NA	NA	NA	NA	NA	NA	NA	NA	NA	NA	NA	NA	NA	NA	NA	NA	NA	NA	NA
gpa_ssDNA_30nt_seed5_model_2	4832	469	494	676	3193	4.482631490059405	3.843067050458591	5.229881987262787	1.5002102601571334	0.651533037680885	1.3462707588566254	1.6543887132453425	0.5846779617191358	0.7184918890854736	7.059085121424085e-83	3.5295425607120423e-81	gpa_ssDNA_30nt	5	2	gpa	30nt	30	ssDNA	NA	DNA-only	A	A-ssDNA	A-ssDNA-s5-m2	A-ssDNA	0.76	0.83	0.8	0	0.04	10	0.83	0.23	NA	NA	NA	0.82	0.46	0.52	NA	NA	0.76	0.87	0.17	NA	NA	NA	NA	NA	NA	NA	0.561545	0.638095	0.613759	0.87	0.638095	0.3292	0.1043	0.2966	NA	NA	NA	NA	NA	NA	NA	NA	NA	NA	NA	NA	NA	NA	NA	NA	NA	NA	NA	NA	NA	NA	NA	NA	NA	NA	NA	NA	NA	NA	NA	NA	NA	NA	NA	NA	NA	NA	NA	NA
gpa_ssDNA_30nt_seed5_model_3	4832	348	427	797	3260	3.3325666501336535	2.826208144714952	3.9288011339887756	1.2037427729108345	0.5227788439060946	1.0389359350231417	1.3683343243777513	0.4512041436315458	0.5942600464760716	1.5078942367637606e-46	5.026314122545869e-46	gpa_ssDNA_30nt	5	3	gpa	30nt	30	ssDNA	NA	DNA-only	A	A-ssDNA	A-ssDNA-s5-m3	A-ssDNA	0.76	0.84	0.79	0	0.04	10	0.84	0.24	NA	NA	NA	0.82	0.47	0.53	NA	NA	0.75	0.88	0.18	NA	NA	NA	NA	NA	NA	NA	0.637689	0.658835	0.648012	0.88	0.658835	0.2846	0.1705	0.3547	NA	NA	NA	NA	NA	NA	NA	NA	NA	NA	NA	NA	NA	NA	NA	NA	NA	NA	NA	NA	NA	NA	NA	NA	NA	NA	NA	NA	NA	NA	NA	NA	NA	NA	NA	NA	NA	NA	NA	NA
gpa_ssDNA_30nt_seed5_model_4	4832	389	514	756	3173	3.1754869584923613	2.7144534798336175	3.7142372263330232	1.1554609933377562	0.5018103334610375	0.998590636560823	1.3121733344321573	0.43368240313862105	0.5698696384444761	2.3317726642208953e-47	7.87761035209762e-47	gpa_ssDNA_30nt	5	4	gpa	30nt	30	ssDNA	NA	DNA-only	A	A-ssDNA	A-ssDNA-s5-m4	A-ssDNA	0.73	0.83	0.76	0	0.03	10	0.83	0.22	NA	NA	NA	0.8	0.44	0.52	NA	NA	0.72	0.87	0.16	NA	NA	NA	NA	NA	NA	NA	0.564626	0.601731	0.57856	0.87	0.601731	0.2716	0.0834	0.3042	NA	NA	NA	NA	NA	NA	NA	NA	NA	NA	NA	NA	NA	NA	NA	NA	NA	NA	NA	NA	NA	NA	NA	NA	NA	NA	NA	NA	NA	NA	NA	NA	NA	NA	NA	NA	NA	NA	NA	NA
gpa_ssDNA_30nt_seed6_model_0	4832	420	445	725	3242	4.218937784711265	3.5991914792199466	4.945719700738711	1.4395833865796355	0.6252031210311315	1.280709231132584	1.5985224955844375	0.5562049520034376	0.6942294990305364	1.878960090981635e-71	3.131600151636058e-70	gpa_ssDNA_30nt	6	0	gpa	30nt	30	ssDNA	NA	DNA-only	A	A-ssDNA	A-ssDNA-s6-m0	A-ssDNA	0.56	0.83	0.63	0	0.03	10	0.84	0.14	NA	NA	NA	0.71	0.35	0.51	NA	NA	0.55	0.87	0.15	NA	NA	NA	NA	NA	NA	NA	0.174685	0.360115	0.329922	0.87	0.359533	0.2555	0.0311	0.0907	NA	NA	NA	NA	NA	NA	NA	NA	NA	NA	NA	NA	NA	NA	NA	NA	NA	NA	NA	NA	NA	NA	NA	NA	NA	NA	NA	NA	NA	NA	NA	NA	NA	NA	NA	NA	NA	NA	NA	NA
gpa_ssDNA_30nt_seed6_model_1	4832	427	552	718	3135	3.3765287053170105	2.8974109267102977	3.9345620770269534	1.2168481714972914	0.5284704461953356	1.063817554330527	1.3697995864836228	0.46201009359756073	0.5948964017231936	3.936623983821647e-55	1.9297176391282586e-54	gpa_ssDNA_30nt	6	1	gpa	30nt	30	ssDNA	NA	DNA-only	A	A-ssDNA	A-ssDNA-s6-m1	A-ssDNA	0.55	0.82	0.62	0	0.04	10	0.83	0.13	NA	NA	NA	0.7	0.38	0.54	NA	NA	0.54	0.86	0.22	NA	NA	NA	NA	NA	NA	NA	0.212357	0.354512	0.320263	0.86	0.350397	0.2701	0.0332	0.0992	NA	NA	NA	NA	NA	NA	NA	NA	NA	NA	NA	NA	NA	NA	NA	NA	NA	NA	NA	NA	NA	NA	NA	NA	NA	NA	NA	NA	NA	NA	NA	NA	NA	NA	NA	NA	NA	NA	NA	NA
gpa_ssDNA_30nt_seed6_model_2	4832	338	397	807	3290	3.469853445970423	2.9341862208994263	4.103152058817815	1.2441123584762062	0.5403111321538566	1.0764301476791944	1.4117554731725044	0.4674876732913766	0.6131176117955329	6.535353995934265e-48	2.2381349301144743e-47	gpa_ssDNA_30nt	6	2	gpa	30nt	30	ssDNA	NA	DNA-only	A	A-ssDNA	A-ssDNA-s6-m2	A-ssDNA	0.55	0.83	0.62	0	0.03	10	0.85	0.12	NA	NA	NA	0.71	0.34	0.51	NA	NA	0.54	0.88	0.14	NA	NA	NA	NA	NA	NA	NA	0.173091	0.367631	0.338562	0.88	0.367631	0.1735	0.0244	0.1132	NA	NA	NA	NA	NA	NA	NA	NA	NA	NA	NA	NA	NA	NA	NA	NA	NA	NA	NA	NA	NA	NA	NA	NA	NA	NA	NA	NA	NA	NA	NA	NA	NA	NA	NA	NA	NA	NA	NA	NA
gpa_ssDNA_30nt_seed6_model_3	4832	401	471	744	3216	3.678941322991406	3.1402179549540787	4.309955492935978	1.3026250268221415	0.5657228611379315	1.14429220991699	1.4609275775973678	0.49695979245182625	0.6344727854108215	7.566700246208287e-59	4.6138416135416386e-58	gpa_ssDNA_30nt	6	3	gpa	30nt	30	ssDNA	NA	DNA-only	A	A-ssDNA	A-ssDNA-s6-m3	A-ssDNA	0.51	0.81	0.59	0	0.04	10	0.83	0.13	NA	NA	NA	0.68	0.29	0.47	NA	NA	0.5	0.87	0.07	NA	NA	NA	NA	NA	NA	NA	0.087494	0.335261	0.301826	0.87	0.312358	0.2185	0.0236	0.0737	NA	NA	NA	NA	NA	NA	NA	NA	NA	NA	NA	NA	NA	NA	NA	NA	NA	NA	NA	NA	NA	NA	NA	NA	NA	NA	NA	NA	NA	NA	NA	NA	NA	NA	NA	NA	NA	NA	NA	NA
gpa_ssDNA_30nt_seed6_model_4	4832	113	188	1032	3499	2.0376145826464462	1.5823619489704983	2.614883982361254	0.711779801433338	0.30912204009269095	0.45891863519330994	0.9612197303228313	0.19930583090702597	0.41745242477573746	3.463331948947716e-8	4.655016060413597e-8	gpa_ssDNA_30nt	6	4	gpa	30nt	30	ssDNA	NA	DNA-only	A	A-ssDNA	A-ssDNA-s6-m4	A-ssDNA	0.41	0.81	0.51	0	0.04	10	0.83	0.13	NA	NA	NA	0.63	0.23	0.46	NA	NA	0.41	0.85	0.06	NA	NA	NA	NA	NA	NA	NA	0.143883	0.390317	0.342176	0.85	0.253357	0.1478	0.0257	0.106	NA	NA	NA	NA	NA	NA	NA	NA	NA	NA	NA	NA	NA	NA	NA	NA	NA	NA	NA	NA	NA	NA	NA	NA	NA	NA	NA	NA	NA	NA	NA	NA	NA	NA	NA	NA	NA	NA	NA	NA
gpa_ssDNA_30nt_seed7_model_0	4832	415	461	730	3226	3.976811485254998	3.3953200612317813	4.658242517811627	1.3804803638586791	0.5995350043996176	1.222398030862193	1.5386382349010772	0.5308807194928513	0.6682220950628972	2.432846663472384e-66	2.5342152744504e-65	gpa_ssDNA_30nt	7	0	gpa	30nt	30	ssDNA	NA	DNA-only	A	A-ssDNA	A-ssDNA-s7-m0	A-ssDNA	0.56	0.83	0.63	0	0.03	10	0.85	0.13	NA	NA	NA	0.71	0.37	0.53	NA	NA	0.55	0.87	0.19	NA	NA	NA	NA	NA	NA	NA	0.144892	0.361646	0.333785	0.87	0.361646	0.2797	0.0301	0.0903	NA	NA	NA	NA	NA	NA	NA	NA	NA	NA	NA	NA	NA	NA	NA	NA	NA	NA	NA	NA	NA	NA	NA	NA	NA	NA	NA	NA	NA	NA	NA	NA	NA	NA	NA	NA	NA	NA	NA	NA
gpa_ssDNA_30nt_seed7_model_1	4832	420	616	725	3071	2.8871502481260047	2.4826146986683444	3.357117493553821	1.0602699423214144	0.4604693852780693	0.9093123187574207	1.211082716954632	0.3949093223629986	0.5259665411017945	2.8988925632996255e-43	8.731604106324174e-43	gpa_ssDNA_30nt	7	1	gpa	30nt	30	ssDNA	NA	DNA-only	A	A-ssDNA	A-ssDNA-s7-m1	A-ssDNA	0.49	0.83	0.58	0	0.04	10	0.84	0.12	NA	NA	NA	0.67	0.29	0.49	NA	NA	0.48	0.87	0.11	NA	NA	NA	NA	NA	NA	NA	0.099811	0.307299	0.272802	0.87	0.281692	0.3046	0.0217	0.0535	NA	NA	NA	NA	NA	NA	NA	NA	NA	NA	NA	NA	NA	NA	NA	NA	NA	NA	NA	NA	NA	NA	NA	NA	NA	NA	NA	NA	NA	NA	NA	NA	NA	NA	NA	NA	NA	NA	NA	NA
gpa_ssDNA_30nt_seed7_model_2	4832	443	533	702	3154	3.7329900781387177	3.202979074448752	4.350389894146006	1.317209542050189	0.5720568356227065	1.164081337495706	1.4702654719221515	0.505554101360942	0.6385281813886708	1.9146977397986202e-64	1.7728682775913152e-63	gpa_ssDNA_30nt	7	2	gpa	30nt	30	ssDNA	NA	DNA-only	A	A-ssDNA	A-ssDNA-s7-m2	A-ssDNA	0.47	0.82	0.55	0	0.03	10	0.84	0.11	NA	NA	NA	0.66	0.3	0.51	NA	NA	0.45	0.87	0.15	NA	NA	NA	NA	NA	NA	NA	0.08652	0.307662	0.274485	0.87	0.273103	0.2182	0.0201	0.0549	NA	NA	NA	NA	NA	NA	NA	NA	NA	NA	NA	NA	NA	NA	NA	NA	NA	NA	NA	NA	NA	NA	NA	NA	NA	NA	NA	NA	NA	NA	NA	NA	NA	NA	NA	NA	NA	NA	NA	NA
gpa_ssDNA_30nt_seed7_model_3	4832	351	448	794	3239	3.195186128506684	2.7138226448144347	3.7607848099220824	1.1616453423162982	0.5044961620965823	0.9983582110144665	1.3246276616646604	0.4335814620063851	0.5752784840373696	3.5493203625658557e-44	1.095469247705511e-43	gpa_ssDNA_30nt	7	3	gpa	30nt	30	ssDNA	NA	DNA-only	A	A-ssDNA	A-ssDNA-s7-m3	A-ssDNA	0.43	0.82	0.53	0	0.04	10	0.84	0.11	NA	NA	NA	0.64	0.26	0.49	NA	NA	0.42	0.87	0.11	NA	NA	NA	NA	NA	NA	NA	0.026071	0.309299	0.261129	0.87	0.252336	0.1509	0.0154	0.0288	NA	NA	NA	NA	NA	NA	NA	NA	NA	NA	NA	NA	NA	NA	NA	NA	NA	NA	NA	NA	NA	NA	NA	NA	NA	NA	NA	NA	NA	NA	NA	NA	NA	NA	NA	NA	NA	NA	NA	NA
gpa_ssDNA_30nt_seed7_model_4	4832	391	476	754	3211	3.497047953576314	2.983936172583991	4.0980187302182545	1.2519191707628312	0.5437015876511925	1.093243292228026	1.4105036203817276	0.47478952919237594	0.6125739390363434	3.9198072892372777e-54	1.7243329682951187e-53	gpa_ssDNA_30nt	7	4	gpa	30nt	30	ssDNA	NA	DNA-only	A	A-ssDNA	A-ssDNA-s7-m4	A-ssDNA	0.4	0.82	0.5	0	0.03	10	0.84	0.11	NA	NA	NA	0.61	0.22	0.44	NA	NA	0.39	0.84	0.05	NA	NA	NA	NA	NA	NA	NA	0.024647	0.297593	0.240482	0.84	0.236133	0.14	0.0143	0.0199	NA	NA	NA	NA	NA	NA	NA	NA	NA	NA	NA	NA	NA	NA	NA	NA	NA	NA	NA	NA	NA	NA	NA	NA	NA	NA	NA	NA	NA	NA	NA	NA	NA	NA	NA	NA	NA	NA	NA	NA
gpa_ssDNA_30nt_seed8_model_0	4832	472	535	673	3152	4.130508636841795	3.548515597326913	4.80974330219452	1.4184005560100768	0.6160035346036806	1.2665293744436965	1.5706437151664459	0.5500467184892748	0.6821218985328102	6.879898941702687e-76	1.4333122795213929e-74	gpa_ssDNA_30nt	8	0	gpa	30nt	30	ssDNA	NA	DNA-only	A	A-ssDNA	A-ssDNA-s8-m0	A-ssDNA	0.8	0.83	0.82	0	0.03	10	0.83	0.24	NA	NA	NA	0.84	0.5	0.54	NA	NA	0.8	0.89	0.19	NA	NA	NA	NA	NA	NA	NA	0.65403	0.7291	0.70856	0.89	0.7291	0.3015	0.1407	0.3643	NA	NA	NA	NA	NA	NA	NA	NA	NA	NA	NA	NA	NA	NA	NA	NA	NA	NA	NA	NA	NA	NA	NA	NA	NA	NA	NA	NA	NA	NA	NA	NA	NA	NA	NA	NA	NA	NA	NA	NA
gpa_ssDNA_30nt_seed8_model_1	4832	429	533	716	3154	3.544385140727422	3.0392707879333787	4.133031991133613	1.265364700858394	0.5495409071779593	1.111617614253811	1.4190112759142557	0.4827693958568877	0.616268766888054	6.751184716493448e-59	4.219490447808405e-58	gpa_ssDNA_30nt	8	1	gpa	30nt	30	ssDNA	NA	DNA-only	A	A-ssDNA	A-ssDNA-s8-m1	A-ssDNA	0.78	0.82	0.81	0	0.04	10	0.82	0.24	NA	NA	NA	0.83	0.48	0.53	NA	NA	0.78	0.87	0.18	NA	NA	NA	NA	NA	NA	NA	0.65079	0.695986	0.676072	0.87	0.695986	0.337	0.1325	0.3573	NA	NA	NA	NA	NA	NA	NA	NA	NA	NA	NA	NA	NA	NA	NA	NA	NA	NA	NA	NA	NA	NA	NA	NA	NA	NA	NA	NA	NA	NA	NA	NA	NA	NA	NA	NA	NA	NA	NA	NA
gpa_ssDNA_30nt_seed8_model_2	4832	305	504	840	3183	2.2926693527981397	1.9439328348827067	2.701754451497491	0.8297167949601238	0.36034142559363364	0.6647131554839284	0.9939013588346436	0.2886812554751684	0.43164587569802954	7.05582213513862e-23	1.7464906275095593e-22	gpa_ssDNA_30nt	8	2	gpa	30nt	30	ssDNA	NA	DNA-only	A	A-ssDNA	A-ssDNA-s8-m2	A-ssDNA	0.77	0.84	0.8	0	0.05	10	0.84	0.24	NA	NA	NA	0.81	0.46	0.51	NA	NA	0.76	0.85	0.17	NA	NA	NA	NA	NA	NA	NA	0.662411	0.679124	0.67244	0.85	0.679124	0.2681	0.0827	0.3577	NA	NA	NA	NA	NA	NA	NA	NA	NA	NA	NA	NA	NA	NA	NA	NA	NA	NA	NA	NA	NA	NA	NA	NA	NA	NA	NA	NA	NA	NA	NA	NA	NA	NA	NA	NA	NA	NA	NA	NA
gpa_ssDNA_30nt_seed8_model_3	4832	340	420	805	3267	3.2843757364442525	2.7821031142959676	3.8766082216124063	1.1891765993097578	0.5164528350887021	1.0232071576224082	1.3549606016385183	0.4443732223993227	0.5884519124879187	1.2371789310325708e-44	3.866184159476784e-44	gpa_ssDNA_30nt	8	3	gpa	30nt	30	ssDNA	NA	DNA-only	A	A-ssDNA	A-ssDNA-s8-m3	A-ssDNA	0.77	0.83	0.8	0	0.04	10	0.83	0.24	NA	NA	NA	0.81	0.47	0.51	NA	NA	0.77	0.85	0.17	NA	NA	NA	NA	NA	NA	NA	0.660642	0.689692	0.670491	0.85	0.689692	0.3304	0.1673	0.3602	NA	NA	NA	NA	NA	NA	NA	NA	NA	NA	NA	NA	NA	NA	NA	NA	NA	NA	NA	NA	NA	NA	NA	NA	NA	NA	NA	NA	NA	NA	NA	NA	NA	NA	NA	NA	NA	NA	NA	NA
gpa_ssDNA_30nt_seed8_model_4	4832	446	453	699	3234	4.553347942334368	3.8913364442437026	5.329453499000057	1.5158627738883554	0.6583308380222695	1.3587526575590418	1.6732486999002565	0.5900987814492706	0.7266826772184716	3.4338797744144873e-81	1.2263856337194597e-79	gpa_ssDNA_30nt	8	4	gpa	30nt	30	ssDNA	NA	DNA-only	A	A-ssDNA	A-ssDNA-s8-m4	A-ssDNA	0.75	0.85	0.79	0	0.03	10	0.85	0.23	NA	NA	NA	0.79	0.46	0.5	NA	NA	0.75	0.84	0.17	NA	NA	NA	NA	NA	NA	NA	0.625834	0.646893	0.636368	0.84	0.646893	0.3894	0.1068	0.3303	NA	NA	NA	NA	NA	NA	NA	NA	NA	NA	NA	NA	NA	NA	NA	NA	NA	NA	NA	NA	NA	NA	NA	NA	NA	NA	NA	NA	NA	NA	NA	NA	NA	NA	NA	NA	NA	NA	NA	NA
gpa_ssDNA_30nt_seed9_model_0	4832	399	529	746	3158	3.1920205534823634	2.7322244506982094	3.7287586892984863	1.1606541186277224	0.5040656791183021	1.005116094519198	1.3160753871956947	0.436516373521835	0.5715642784277758	2.060943783427973e-48	7.256844307844975e-48	gpa_ssDNA_30nt	9	0	gpa	30nt	30	ssDNA	NA	DNA-only	A	A-ssDNA	A-ssDNA-s9-m0	A-ssDNA	0.83	0.85	0.85	0	0.04	10	0.84	0.25	NA	NA	NA	0.87	0.52	0.56	NA	NA	0.83	0.91	0.2	NA	NA	NA	NA	NA	NA	NA	0.632603	0.761216	0.743602	0.91	0.761216	0.3566	0.21	0.3782	NA	NA	NA	NA	NA	NA	NA	NA	NA	NA	NA	NA	NA	NA	NA	NA	NA	NA	NA	NA	NA	NA	NA	NA	NA	NA	NA	NA	NA	NA	NA	NA	NA	NA	NA	NA	NA	NA	NA	NA
gpa_ssDNA_30nt_seed9_model_1	4832	417	487	728	3200	3.7625256690449915	3.2172482849331914	4.400295980035169	1.3250904523892613	0.5754794714953398	1.1685264243067772	1.4816718068516235	0.5074845780345713	0.6434818897072808	3.8740798521815666e-62	3.2283998768179725e-61	gpa_ssDNA_30nt	9	1	gpa	30nt	30	ssDNA	NA	DNA-only	A	A-ssDNA	A-ssDNA-s9-m1	A-ssDNA	0.81	0.83	0.83	0	0.04	10	0.83	0.24	NA	NA	NA	0.86	0.51	0.56	NA	NA	0.81	0.91	0.22	NA	NA	NA	NA	NA	NA	NA	0.61068	0.736764	0.71601	0.91	0.736764	0.3882	0.1913	0.351	NA	NA	NA	NA	NA	NA	NA	NA	NA	NA	NA	NA	NA	NA	NA	NA	NA	NA	NA	NA	NA	NA	NA	NA	NA	NA	NA	NA	NA	NA	NA	NA	NA	NA	NA	NA	NA	NA	NA	NA
gpa_ssDNA_30nt_seed9_model_2	4832	384	455	761	3232	3.5831573946758226	3.052230583689693	4.206415202385802	1.2762443655399234	0.5542658855141054	1.1158726622359854	1.4366107890954032	0.4846173397157795	0.6239121383468099	4.584968519149042e-55	2.204311788052424e-54	gpa_ssDNA_30nt	9	2	gpa	30nt	30	ssDNA	NA	DNA-only	A	A-ssDNA	A-ssDNA-s9-m2	A-ssDNA	0.79	0.82	0.82	0	0.04	10	0.82	0.24	NA	NA	NA	0.82	0.48	0.51	NA	NA	0.79	0.86	0.17	NA	NA	NA	NA	NA	NA	NA	0.6189	0.712289	0.690032	0.86	0.712289	0.3018	0.1587	0.3498	NA	NA	NA	NA	NA	NA	NA	NA	NA	NA	NA	NA	NA	NA	NA	NA	NA	NA	NA	NA	NA	NA	NA	NA	NA	NA	NA	NA	NA	NA	NA	NA	NA	NA	NA	NA	NA	NA	NA	NA
gpa_ssDNA_30nt_seed9_model_3	4832	321	380	824	3307	3.389173422486322	2.857225543718593	4.019374325146193	1.2205860634863102	0.5300937920601168	1.0498510643814227	1.3911262500067911	0.45594452408110747	0.6041584540087129	1.1938814166765384e-44	3.778105748976387e-44	gpa_ssDNA_30nt	9	3	gpa	30nt	30	ssDNA	NA	DNA-only	A	A-ssDNA	A-ssDNA-s9-m3	A-ssDNA	0.79	0.83	0.81	0	0.04	10	0.83	0.24	NA	NA	NA	0.83	0.48	0.52	NA	NA	0.79	0.87	0.17	NA	NA	NA	NA	NA	NA	NA	0.615157	0.708273	0.687023	0.87	0.708273	0.2801	0.1721	0.3492	NA	NA	NA	NA	NA	NA	NA	NA	NA	NA	NA	NA	NA	NA	NA	NA	NA	NA	NA	NA	NA	NA	NA	NA	NA	NA	NA	NA	NA	NA	NA	NA	NA	NA	NA	NA	NA	NA	NA	NA
gpa_ssDNA_30nt_seed9_model_4	4832	381	466	764	3221	3.445886403788395	2.936515181708404	4.042555293159155	1.2371811729043518	0.5373009565069529	1.0772235659682319	1.3968769903370306	0.4678322504761467	0.6066559688009945	5.310728448838858e-52	2.141422761628572e-51	gpa_ssDNA_30nt	9	4	gpa	30nt	30	ssDNA	NA	DNA-only	A	A-ssDNA	A-ssDNA-s9-m4	A-ssDNA	0.77	0.85	0.8	0	0.03	10	0.85	0.23	NA	NA	NA	0.82	0.47	0.53	NA	NA	0.77	0.88	0.18	NA	NA	NA	NA	NA	NA	NA	0.612461	0.681251	0.661601	0.88	0.681251	0.3325	0.1284	0.3428	NA	NA	NA	NA	NA	NA	NA	NA	NA	NA	NA	NA	NA	NA	NA	NA	NA	NA	NA	NA	NA	NA	NA	NA	NA	NA	NA	NA	NA	NA	NA	NA	NA	NA	NA	NA	NA	NA	NA	NA
